double_blocks.0.img_attn.norm.key_norm.scale,128
double_blocks.0.img_attn.norm.query_norm.scale,128
double_blocks.0.img_attn.proj.weight,4096,4096
double_blocks.0.img_attn.qkv.weight,12288,4096
double_blocks.0.img_mlp.0.weight,24576,4096
double_blocks.0.img_mlp.2.weight,4096,12288
double_blocks.0.txt_attn.norm.key_norm.scale,128
double_blocks.0.txt_attn.norm.query_norm.scale,128
double_blocks.0.txt_attn.proj.weight,4096,4096
double_blocks.0.txt_attn.qkv.weight,12288,4096
double_blocks.0.txt_mlp.0.weight,24576,4096
double_blocks.0.txt_mlp.2.weight,4096,12288
double_blocks.1.img_attn.norm.key_norm.scale,128
double_blocks.1.img_attn.norm.query_norm.scale,128
double_blocks.1.img_attn.proj.weight,4096,4096
double_blocks.1.img_attn.qkv.weight,12288,4096
double_blocks.1.img_mlp.0.weight,24576,4096
double_blocks.1.img_mlp.2.weight,4096,12288
double_blocks.1.txt_attn.norm.key_norm.scale,128
double_blocks.1.txt_attn.norm.query_norm.scale,128
double_blocks.1.txt_attn.proj.weight,4096,4096
double_blocks.1.txt_attn.qkv.weight,12288,4096
double_blocks.1.txt_mlp.0.weight,24576,4096
double_blocks.1.txt_mlp.2.weight,4096,12288
double_blocks.2.img_attn.norm.key_norm.scale,128
double_blocks.2.img_attn.norm.query_norm.scale,128
double_blocks.2.img_attn.proj.weight,4096,4096
double_blocks.2.img_attn.qkv.weight,12288,4096
double_blocks.2.img_mlp.0.weight,24576,4096
double_blocks.2.img_mlp.2.weight,4096,12288
double_blocks.2.txt_attn.norm.key_norm.scale,128
double_blocks.2.txt_attn.norm.query_norm.scale,128
double_blocks.2.txt_attn.proj.weight,4096,4096
double_blocks.2.txt_attn.qkv.weight,12288,4096
double_blocks.2.txt_mlp.0.weight,24576,4096
double_blocks.2.txt_mlp.2.weight,4096,12288
double_blocks.3.img_attn.norm.key_norm.scale,128
double_blocks.3.img_attn.norm.query_norm.scale,128
double_blocks.3.img_attn.proj.weight,4096,4096
double_blocks.3.img_attn.qkv.weight,12288,4096
double_blocks.3.img_mlp.0.weight,24576,4096
double_blocks.3.img_mlp.2.weight,4096,12288
double_blocks.3.txt_attn.norm.key_norm.scale,128
double_blocks.3.txt_attn.norm.query_norm.scale,128
double_blocks.3.txt_attn.proj.weight,4096,4096
double_blocks.3.txt_attn.qkv.weight,12288,4096
double_blocks.3.txt_mlp.0.weight,24576,4096
double_blocks.3.txt_mlp.2.weight,4096,12288
double_blocks.4.img_attn.norm.key_norm.scale,128
double_blocks.4.img_attn.norm.query_norm.scale,128
double_blocks.4.img_attn.proj.weight,4096,4096
double_blocks.4.img_attn.qkv.weight,12288,4096
double_blocks.4.img_mlp.0.weight,24576,4096
double_blocks.4.img_mlp.2.weight,4096,12288
double_blocks.4.txt_attn.norm.key_norm.scale,128
double_blocks.4.txt_attn.norm.query_norm.scale,128
double_blocks.4.txt_attn.proj.weight,4096,4096
double_blocks.4.txt_attn.qkv.weight,12288,4096
double_blocks.4.txt_mlp.0.weight,24576,4096
double_blocks.4.txt_mlp.2.weight,4096,12288
double_blocks.5.img_attn.norm.key_norm.scale,128
double_blocks.5.img_attn.norm.query_norm.scale,128
double_blocks.5.img_attn.proj.weight,4096,4096
double_blocks.5.img_attn.qkv.weight,12288,4096
double_blocks.5.img_mlp.0.weight,24576,4096
double_blocks.5.img_mlp.2.weight,4096,12288
double_blocks.5.txt_attn.norm.key_norm.scale,128
double_blocks.5.txt_attn.norm.query_norm.scale,128
double_blocks.5.txt_attn.proj.weight,4096,4096
double_blocks.5.txt_attn.qkv.weight,12288,4096
double_blocks.5.txt_mlp.0.weight,24576,4096
double_blocks.5.txt_mlp.2.weight,4096,12288
double_blocks.6.img_attn.norm.key_norm.scale,128
double_blocks.6.img_attn.norm.query_norm.scale,128
double_blocks.6.img_attn.proj.weight,4096,4096
double_blocks.6.img_attn.qkv.weight,12288,4096
double_blocks.6.img_mlp.0.weight,24576,4096
double_blocks.6.img_mlp.2.weight,4096,12288
double_blocks.6.txt_attn.norm.key_norm.scale,128
double_blocks.6.txt_attn.norm.query_norm.scale,128
double_blocks.6.txt_attn.proj.weight,4096,4096
double_blocks.6.txt_attn.qkv.weight,12288,4096
double_blocks.6.txt_mlp.0.weight,24576,4096
double_blocks.6.txt_mlp.2.weight,4096,12288
double_blocks.7.img_attn.norm.key_norm.scale,128
double_blocks.7.img_attn.norm.query_norm.scale,128
double_blocks.7.img_attn.proj.weight,4096,4096
double_blocks.7.img_attn.qkv.weight,12288,4096
double_blocks.7.img_mlp.0.weight,24576,4096
double_blocks.7.img_mlp.2.weight,4096,12288
double_blocks.7.txt_attn.norm.key_norm.scale,128
double_blocks.7.txt_attn.norm.query_norm.scale,128
double_blocks.7.txt_attn.proj.weight,4096,4096
double_blocks.7.txt_attn.qkv.weight,12288,4096
double_blocks.7.txt_mlp.0.weight,24576,4096
double_blocks.7.txt_mlp.2.weight,4096,12288
double_stream_modulation_img.lin.weight,24576,4096
double_stream_modulation_txt.lin.weight,24576,4096
final_layer.adaLN_modulation.1.weight,8192,4096
final_layer.linear.weight,128,4096
img_in.weight,4096,128
single_blocks.0.linear1.weight,36864,4096
single_blocks.0.linear2.weight,4096,16384
single_blocks.0.norm.key_norm.scale,128
single_blocks.0.norm.query_norm.scale,128
single_blocks.1.linear1.weight,36864,4096
single_blocks.1.linear2.weight,4096,16384
single_blocks.1.norm.key_norm.scale,128
single_blocks.1.norm.query_norm.scale,128
single_blocks.10.linear1.weight,36864,4096
single_blocks.10.linear2.weight,4096,16384
single_blocks.10.norm.key_norm.scale,128
single_blocks.10.norm.query_norm.scale,128
single_blocks.11.linear1.weight,36864,4096
single_blocks.11.linear2.weight,4096,16384
single_blocks.11.norm.key_norm.scale,128
single_blocks.11.norm.query_norm.scale,128
single_blocks.12.linear1.weight,36864,4096
single_blocks.12.linear2.weight,4096,16384
single_blocks.12.norm.key_norm.scale,128
single_blocks.12.norm.query_norm.scale,128
single_blocks.13.linear1.weight,36864,4096
single_blocks.13.linear2.weight,4096,16384
single_blocks.13.norm.key_norm.scale,128
single_blocks.13.norm.query_norm.scale,128
single_blocks.14.linear1.weight,36864,4096
single_blocks.14.linear2.weight,4096,16384
single_blocks.14.norm.key_norm.scale,128
single_blocks.14.norm.query_norm.scale,128
single_blocks.15.linear1.weight,36864,4096
single_blocks.15.linear2.weight,4096,16384
single_blocks.15.norm.key_norm.scale,128
single_blocks.15.norm.query_norm.scale,128
single_blocks.16.linear1.weight,36864,4096
single_blocks.16.linear2.weight,4096,16384
single_blocks.16.norm.key_norm.scale,128
single_blocks.16.norm.query_norm.scale,128
single_blocks.17.linear1.weight,36864,4096
single_blocks.17.linear2.weight,4096,16384
single_blocks.17.norm.key_norm.scale,128
single_blocks.17.norm.query_norm.scale,128
single_blocks.18.linear1.weight,36864,4096
single_blocks.18.linear2.weight,4096,16384
single_blocks.18.norm.key_norm.scale,128
single_blocks.18.norm.query_norm.scale,128
single_blocks.19.linear1.weight,36864,4096
single_blocks.19.linear2.weight,4096,16384
single_blocks.19.norm.key_norm.scale,128
single_blocks.19.norm.query_norm.scale,128
single_blocks.2.linear1.weight,36864,4096
single_blocks.2.linear2.weight,4096,16384
single_blocks.2.norm.key_norm.scale,128
single_blocks.2.norm.query_norm.scale,128
single_blocks.20.linear1.weight,36864,4096
single_blocks.20.linear2.weight,4096,16384
single_blocks.20.norm.key_norm.scale,128
single_blocks.20.norm.query_norm.scale,128
single_blocks.21.linear1.weight,36864,4096
single_blocks.21.linear2.weight,4096,16384
single_blocks.21.norm.key_norm.scale,128
single_blocks.21.norm.query_norm.scale,128
single_blocks.22.linear1.weight,36864,4096
single_blocks.22.linear2.weight,4096,16384
single_blocks.22.norm.key_norm.scale,128
single_blocks.22.norm.query_norm.scale,128
single_blocks.23.linear1.weight,36864,4096
single_blocks.23.linear2.weight,4096,16384
single_blocks.23.norm.key_norm.scale,128
single_blocks.23.norm.query_norm.scale,128
single_blocks.3.linear1.weight,36864,4096
single_blocks.3.linear2.weight,4096,16384
single_blocks.3.norm.key_norm.scale,128
single_blocks.3.norm.query_norm.scale,128
single_blocks.4.linear1.weight,36864,4096
single_blocks.4.linear2.weight,4096,16384
single_blocks.4.norm.key_norm.scale,128
single_blocks.4.norm.query_norm.scale,128
single_blocks.5.linear1.weight,36864,4096
single_blocks.5.linear2.weight,4096,16384
single_blocks.5.norm.key_norm.scale,128
single_blocks.5.norm.query_norm.scale,128
single_blocks.6.linear1.weight,36864,4096
single_blocks.6.linear2.weight,4096,16384
single_blocks.6.norm.key_norm.scale,128
single_blocks.6.norm.query_norm.scale,128
single_blocks.7.linear1.weight,36864,4096
single_blocks.7.linear2.weight,4096,16384
single_blocks.7.norm.key_norm.scale,128
single_blocks.7.norm.query_norm.scale,128
single_blocks.8.linear1.weight,36864,4096
single_blocks.8.linear2.weight,4096,16384
single_blocks.8.norm.key_norm.scale,128
single_blocks.8.norm.query_norm.scale,128
single_blocks.9.linear1.weight,36864,4096
single_blocks.9.linear2.weight,4096,16384
single_blocks.9.norm.key_norm.scale,128
single_blocks.9.norm.query_norm.scale,128
single_stream_modulation.lin.weight,12288,4096
text_encoder.lm_head.weight,151936,4096
text_encoder.model.embed_tokens.weight,151936,4096
text_encoder.model.layers.0.input_layernorm.weight,4096
text_encoder.model.layers.0.mlp.down_proj.weight,4096,12288
text_encoder.model.layers.0.mlp.gate_proj.weight,12288,4096
text_encoder.model.layers.0.mlp.up_proj.weight,12288,4096
text_encoder.model.layers.0.post_attention_layernorm.weight,4096
text_encoder.model.layers.0.self_attn.k_norm.weight,128
text_encoder.model.layers.0.self_attn.k_proj.weight,1024,4096
text_encoder.model.layers.0.self_attn.o_proj.weight,4096,4096
text_encoder.model.layers.0.self_attn.q_norm.weight,128
text_encoder.model.layers.0.self_attn.q_proj.weight,4096,4096
text_encoder.model.layers.0.self_attn.v_proj.weight,1024,4096
text_encoder.model.layers.1.input_layernorm.weight,4096
text_encoder.model.layers.1.mlp.down_proj.weight,4096,12288
text_encoder.model.layers.1.mlp.gate_proj.weight,12288,4096
text_encoder.model.layers.1.mlp.up_proj.weight,12288,4096
text_encoder.model.layers.1.post_attention_layernorm.weight,4096
text_encoder.model.layers.1.self_attn.k_norm.weight,128
text_encoder.model.layers.1.self_attn.k_proj.weight,1024,4096
text_encoder.model.layers.1.self_attn.o_proj.weight,4096,4096
text_encoder.model.layers.1.self_attn.q_norm.weight,128
text_encoder.model.layers.1.self_attn.q_proj.weight,4096,4096
text_encoder.model.layers.1.self_attn.v_proj.weight,1024,4096
text_encoder.model.layers.10.input_layernorm.weight,4096
text_encoder.model.layers.10.mlp.down_proj.weight,4096,12288
text_encoder.model.layers.10.mlp.gate_proj.weight,12288,4096
text_encoder.model.layers.10.mlp.up_proj.weight,12288,4096
text_encoder.model.layers.10.post_attention_layernorm.weight,4096
text_encoder.model.layers.10.self_attn.k_norm.weight,128
text_encoder.model.layers.10.self_attn.k_proj.weight,1024,4096
text_encoder.model.layers.10.self_attn.o_proj.weight,4096,4096
text_encoder.model.layers.10.self_attn.q_norm.weight,128
text_encoder.model.layers.10.self_attn.q_proj.weight,4096,4096
text_encoder.model.layers.10.self_attn.v_proj.weight,1024,4096
text_encoder.model.layers.11.input_layernorm.weight,4096
text_encoder.model.layers.11.mlp.down_proj.weight,4096,12288
text_encoder.model.layers.11.mlp.gate_proj.weight,12288,4096
text_encoder.model.layers.11.mlp.up_proj.weight,12288,4096
text_encoder.model.layers.11.post_attention_layernorm.weight,4096
text_encoder.model.layers.11.self_attn.k_norm.weight,128
text_encoder.model.layers.11.self_attn.k_proj.weight,1024,4096
text_encoder.model.layers.11.self_attn.o_proj.weight,4096,4096
text_encoder.model.layers.11.self_attn.q_norm.weight,128
text_encoder.model.layers.11.self_attn.q_proj.weight,4096,4096
text_encoder.model.layers.11.self_attn.v_proj.weight,1024,4096
text_encoder.model.layers.12.input_layernorm.weight,4096
text_encoder.model.layers.12.mlp.down_proj.weight,4096,12288
text_encoder.model.layers.12.mlp.gate_proj.weight,12288,4096
text_encoder.model.layers.12.mlp.up_proj.weight,12288,4096
text_encoder.model.layers.12.post_attention_layernorm.weight,4096
text_encoder.model.layers.12.self_attn.k_norm.weight,128
text_encoder.model.layers.12.self_attn.k_proj.weight,1024,4096
text_encoder.model.layers.12.self_attn.o_proj.weight,4096,4096
text_encoder.model.layers.12.self_attn.q_norm.weight,128
text_encoder.model.layers.12.self_attn.q_proj.weight,4096,4096
text_encoder.model.layers.12.self_attn.v_proj.weight,1024,4096
text_encoder.model.layers.13.input_layernorm.weight,4096
text_encoder.model.layers.13.mlp.down_proj.weight,4096,12288
text_encoder.model.layers.13.mlp.gate_proj.weight,12288,4096
text_encoder.model.layers.13.mlp.up_proj.weight,12288,4096
text_encoder.model.layers.13.post_attention_layernorm.weight,4096
text_encoder.model.layers.13.self_attn.k_norm.weight,128
text_encoder.model.layers.13.self_attn.k_proj.weight,1024,4096
text_encoder.model.layers.13.self_attn.o_proj.weight,4096,4096
text_encoder.model.layers.13.self_attn.q_norm.weight,128
text_encoder.model.layers.13.self_attn.q_proj.weight,4096,4096
text_encoder.model.layers.13.self_attn.v_proj.weight,1024,4096
text_encoder.model.layers.14.input_layernorm.weight,4096
text_encoder.model.layers.14.mlp.down_proj.weight,4096,12288
text_encoder.model.layers.14.mlp.gate_proj.weight,12288,4096
text_encoder.model.layers.14.mlp.up_proj.weight,12288,4096
text_encoder.model.layers.14.post_attention_layernorm.weight,4096
text_encoder.model.layers.14.self_attn.k_norm.weight,128
text_encoder.model.layers.14.self_attn.k_proj.weight,1024,4096
text_encoder.model.layers.14.self_attn.o_proj.weight,4096,4096
text_encoder.model.layers.14.self_attn.q_norm.weight,128
text_encoder.model.layers.14.self_attn.q_proj.weight,4096,4096
text_encoder.model.layers.14.self_attn.v_proj.weight,1024,4096
text_encoder.model.layers.15.input_layernorm.weight,4096
text_encoder.model.layers.15.mlp.down_proj.weight,4096,12288
text_encoder.model.layers.15.mlp.gate_proj.weight,12288,4096
text_encoder.model.layers.15.mlp.up_proj.weight,12288,4096
text_encoder.model.layers.15.post_attention_layernorm.weight,4096
text_encoder.model.layers.15.self_attn.k_norm.weight,128
text_encoder.model.layers.15.self_attn.k_proj.weight,1024,4096
text_encoder.model.layers.15.self_attn.o_proj.weight,4096,4096
text_encoder.model.layers.15.self_attn.q_norm.weight,128
text_encoder.model.layers.15.self_attn.q_proj.weight,4096,4096
text_encoder.model.layers.15.self_attn.v_proj.weight,1024,4096
text_encoder.model.layers.16.input_layernorm.weight,4096
text_encoder.model.layers.16.mlp.down_proj.weight,4096,12288
text_encoder.model.layers.16.mlp.gate_proj.weight,12288,4096
text_encoder.model.layers.16.mlp.up_proj.weight,12288,4096
text_encoder.model.layers.16.post_attention_layernorm.weight,4096
text_encoder.model.layers.16.self_attn.k_norm.weight,128
text_encoder.model.layers.16.self_attn.k_proj.weight,1024,4096
text_encoder.model.layers.16.self_attn.o_proj.weight,4096,4096
text_encoder.model.layers.16.self_attn.q_norm.weight,128
text_encoder.model.layers.16.self_attn.q_proj.weight,4096,4096
text_encoder.model.layers.16.self_attn.v_proj.weight,1024,4096
text_encoder.model.layers.17.input_layernorm.weight,4096
text_encoder.model.layers.17.mlp.down_proj.weight,4096,12288
text_encoder.model.layers.17.mlp.gate_proj.weight,12288,4096
text_encoder.model.layers.17.mlp.up_proj.weight,12288,4096
text_encoder.model.layers.17.post_attention_layernorm.weight,4096
text_encoder.model.layers.17.self_attn.k_norm.weight,128
text_encoder.model.layers.17.self_attn.k_proj.weight,1024,4096
text_encoder.model.layers.17.self_attn.o_proj.weight,4096,4096
text_encoder.model.layers.17.self_attn.q_norm.weight,128
text_encoder.model.layers.17.self_attn.q_proj.weight,4096,4096
text_encoder.model.layers.17.self_attn.v_proj.weight,1024,4096
text_encoder.model.layers.18.input_layernorm.weight,4096
text_encoder.model.layers.18.mlp.down_proj.weight,4096,12288
text_encoder.model.layers.18.mlp.gate_proj.weight,12288,4096
text_encoder.model.layers.18.mlp.up_proj.weight,12288,4096
text_encoder.model.layers.18.post_attention_layernorm.weight,4096
text_encoder.model.layers.18.self_attn.k_norm.weight,128
text_encoder.model.layers.18.self_attn.k_proj.weight,1024,4096
text_encoder.model.layers.18.self_attn.o_proj.weight,4096,4096
text_encoder.model.layers.18.self_attn.q_norm.weight,128
text_encoder.model.layers.18.self_attn.q_proj.weight,4096,4096
text_encoder.model.layers.18.self_attn.v_proj.weight,1024,4096
text_encoder.model.layers.19.input_layernorm.weight,4096
text_encoder.model.layers.19.mlp.down_proj.weight,4096,12288
text_encoder.model.layers.19.mlp.gate_proj.weight,12288,4096
text_encoder.model.layers.19.mlp.up_proj.weight,12288,4096
text_encoder.model.layers.19.post_attention_layernorm.weight,4096
text_encoder.model.layers.19.self_attn.k_norm.weight,128
text_encoder.model.layers.19.self_attn.k_proj.weight,1024,4096
text_encoder.model.layers.19.self_attn.o_proj.weight,4096,4096
text_encoder.model.layers.19.self_attn.q_norm.weight,128
text_encoder.model.layers.19.self_attn.q_proj.weight,4096,4096
text_encoder.model.layers.19.self_attn.v_proj.weight,1024,4096
text_encoder.model.layers.2.input_layernorm.weight,4096
text_encoder.model.layers.2.mlp.down_proj.weight,4096,12288
text_encoder.model.layers.2.mlp.gate_proj.weight,12288,4096
text_encoder.model.layers.2.mlp.up_proj.weight,12288,4096
text_encoder.model.layers.2.post_attention_layernorm.weight,4096
text_encoder.model.layers.2.self_attn.k_norm.weight,128
text_encoder.model.layers.2.self_attn.k_proj.weight,1024,4096
text_encoder.model.layers.2.self_attn.o_proj.weight,4096,4096
text_encoder.model.layers.2.self_attn.q_norm.weight,128
text_encoder.model.layers.2.self_attn.q_proj.weight,4096,4096
text_encoder.model.layers.2.self_attn.v_proj.weight,1024,4096
text_encoder.model.layers.20.input_layernorm.weight,4096
text_encoder.model.layers.20.mlp.down_proj.weight,4096,12288
text_encoder.model.layers.20.mlp.gate_proj.weight,12288,4096
text_encoder.model.layers.20.mlp.up_proj.weight,12288,4096
text_encoder.model.layers.20.post_attention_layernorm.weight,4096
text_encoder.model.layers.20.self_attn.k_norm.weight,128
text_encoder.model.layers.20.self_attn.k_proj.weight,1024,4096
text_encoder.model.layers.20.self_attn.o_proj.weight,4096,4096
text_encoder.model.layers.20.self_attn.q_norm.weight,128
text_encoder.model.layers.20.self_attn.q_proj.weight,4096,4096
text_encoder.model.layers.20.self_attn.v_proj.weight,1024,4096
text_encoder.model.layers.21.input_layernorm.weight,4096
text_encoder.model.layers.21.mlp.down_proj.weight,4096,12288
text_encoder.model.layers.21.mlp.gate_proj.weight,12288,4096
text_encoder.model.layers.21.mlp.up_proj.weight,12288,4096
text_encoder.model.layers.21.post_attention_layernorm.weight,4096
text_encoder.model.layers.21.self_attn.k_norm.weight,128
text_encoder.model.layers.21.self_attn.k_proj.weight,1024,4096
text_encoder.model.layers.21.self_attn.o_proj.weight,4096,4096
text_encoder.model.layers.21.self_attn.q_norm.weight,128
text_encoder.model.layers.21.self_attn.q_proj.weight,4096,4096
text_encoder.model.layers.21.self_attn.v_proj.weight,1024,4096
text_encoder.model.layers.22.input_layernorm.weight,4096
text_encoder.model.layers.22.mlp.down_proj.weight,4096,12288
text_encoder.model.layers.22.mlp.gate_proj.weight,12288,4096
text_encoder.model.layers.22.mlp.up_proj.weight,12288,4096
text_encoder.model.layers.22.post_attention_layernorm.weight,4096
text_encoder.model.layers.22.self_attn.k_norm.weight,128
text_encoder.model.layers.22.self_attn.k_proj.weight,1024,4096
text_encoder.model.layers.22.self_attn.o_proj.weight,4096,4096
text_encoder.model.layers.22.self_attn.q_norm.weight,128
text_encoder.model.layers.22.self_attn.q_proj.weight,4096,4096
text_encoder.model.layers.22.self_attn.v_proj.weight,1024,4096
text_encoder.model.layers.23.input_layernorm.weight,4096
text_encoder.model.layers.23.mlp.down_proj.weight,4096,12288
text_encoder.model.layers.23.mlp.gate_proj.weight,12288,4096
text_encoder.model.layers.23.mlp.up_proj.weight,12288,4096
text_encoder.model.layers.23.post_attention_layernorm.weight,4096
text_encoder.model.layers.23.self_attn.k_norm.weight,128
text_encoder.model.layers.23.self_attn.k_proj.weight,1024,4096
text_encoder.model.layers.23.self_attn.o_proj.weight,4096,4096
text_encoder.model.layers.23.self_attn.q_norm.weight,128
text_encoder.model.layers.23.self_attn.q_proj.weight,4096,4096
text_encoder.model.layers.23.self_attn.v_proj.weight,1024,4096
text_encoder.model.layers.24.input_layernorm.weight,4096
text_encoder.model.layers.24.mlp.down_proj.weight,4096,12288
text_encoder.model.layers.24.mlp.gate_proj.weight,12288,4096
text_encoder.model.layers.24.mlp.up_proj.weight,12288,4096
text_encoder.model.layers.24.post_attention_layernorm.weight,4096
text_encoder.model.layers.24.self_attn.k_norm.weight,128
text_encoder.model.layers.24.self_attn.k_proj.weight,1024,4096
text_encoder.model.layers.24.self_attn.o_proj.weight,4096,4096
text_encoder.model.layers.24.self_attn.q_norm.weight,128
text_encoder.model.layers.24.self_attn.q_proj.weight,4096,4096
text_encoder.model.layers.24.self_attn.v_proj.weight,1024,4096
text_encoder.model.layers.25.input_layernorm.weight,4096
text_encoder.model.layers.25.mlp.down_proj.weight,4096,12288
text_encoder.model.layers.25.mlp.gate_proj.weight,12288,4096
text_encoder.model.layers.25.mlp.up_proj.weight,12288,4096
text_encoder.model.layers.25.post_attention_layernorm.weight,4096
text_encoder.model.layers.25.self_attn.k_norm.weight,128
text_encoder.model.layers.25.self_attn.k_proj.weight,1024,4096
text_encoder.model.layers.25.self_attn.o_proj.weight,4096,4096
text_encoder.model.layers.25.self_attn.q_norm.weight,128
text_encoder.model.layers.25.self_attn.q_proj.weight,4096,4096
text_encoder.model.layers.25.self_attn.v_proj.weight,1024,4096
text_encoder.model.layers.26.input_layernorm.weight,4096
text_encoder.model.layers.26.mlp.down_proj.weight,4096,12288
text_encoder.model.layers.26.mlp.gate_proj.weight,12288,4096
text_encoder.model.layers.26.mlp.up_proj.weight,12288,4096
text_encoder.model.layers.26.post_attention_layernorm.weight,4096
text_encoder.model.layers.26.self_attn.k_norm.weight,128
text_encoder.model.layers.26.self_attn.k_proj.weight,1024,4096
text_encoder.model.layers.26.self_attn.o_proj.weight,4096,4096
text_encoder.model.layers.26.self_attn.q_norm.weight,128
text_encoder.model.layers.26.self_attn.q_proj.weight,4096,4096
text_encoder.model.layers.26.self_attn.v_proj.weight,1024,4096
text_encoder.model.layers.27.input_layernorm.weight,4096
text_encoder.model.layers.27.mlp.down_proj.weight,4096,12288
text_encoder.model.layers.27.mlp.gate_proj.weight,12288,4096
text_encoder.model.layers.27.mlp.up_proj.weight,12288,4096
text_encoder.model.layers.27.post_attention_layernorm.weight,4096
text_encoder.model.layers.27.self_attn.k_norm.weight,128
text_encoder.model.layers.27.self_attn.k_proj.weight,1024,4096
text_encoder.model.layers.27.self_attn.o_proj.weight,4096,4096
text_encoder.model.layers.27.self_attn.q_norm.weight,128
text_encoder.model.layers.27.self_attn.q_proj.weight,4096,4096
text_encoder.model.layers.27.self_attn.v_proj.weight,1024,4096
text_encoder.model.layers.28.input_layernorm.weight,4096
text_encoder.model.layers.28.mlp.down_proj.weight,4096,12288
text_encoder.model.layers.28.mlp.gate_proj.weight,12288,4096
text_encoder.model.layers.28.mlp.up_proj.weight,12288,4096
text_encoder.model.layers.28.post_attention_layernorm.weight,4096
text_encoder.model.layers.28.self_attn.k_norm.weight,128
text_encoder.model.layers.28.self_attn.k_proj.weight,1024,4096
text_encoder.model.layers.28.self_attn.o_proj.weight,4096,4096
text_encoder.model.layers.28.self_attn.q_norm.weight,128
text_encoder.model.layers.28.self_attn.q_proj.weight,4096,4096
text_encoder.model.layers.28.self_attn.v_proj.weight,1024,4096
text_encoder.model.layers.29.input_layernorm.weight,4096
text_encoder.model.layers.29.mlp.down_proj.weight,4096,12288
text_encoder.model.layers.29.mlp.gate_proj.weight,12288,4096
text_encoder.model.layers.29.mlp.up_proj.weight,12288,4096
text_encoder.model.layers.29.post_attention_layernorm.weight,4096
text_encoder.model.layers.29.self_attn.k_norm.weight,128
text_encoder.model.layers.29.self_attn.k_proj.weight,1024,4096
text_encoder.model.layers.29.self_attn.o_proj.weight,4096,4096
text_encoder.model.layers.29.self_attn.q_norm.weight,128
text_encoder.model.layers.29.self_attn.q_proj.weight,4096,4096
text_encoder.model.layers.29.self_attn.v_proj.weight,1024,4096
text_encoder.model.layers.3.input_layernorm.weight,4096
text_encoder.model.layers.3.mlp.down_proj.weight,4096,12288
text_encoder.model.layers.3.mlp.gate_proj.weight,12288,4096
text_encoder.model.layers.3.mlp.up_proj.weight,12288,4096
text_encoder.model.layers.3.post_attention_layernorm.weight,4096
text_encoder.model.layers.3.self_attn.k_norm.weight,128
text_encoder.model.layers.3.self_attn.k_proj.weight,1024,4096
text_encoder.model.layers.3.self_attn.o_proj.weight,4096,4096
text_encoder.model.layers.3.self_attn.q_norm.weight,128
text_encoder.model.layers.3.self_attn.q_proj.weight,4096,4096
text_encoder.model.layers.3.self_attn.v_proj.weight,1024,4096
text_encoder.model.layers.30.input_layernorm.weight,4096
text_encoder.model.layers.30.mlp.down_proj.weight,4096,12288
text_encoder.model.layers.30.mlp.gate_proj.weight,12288,4096
text_encoder.model.layers.30.mlp.up_proj.weight,12288,4096
text_encoder.model.layers.30.post_attention_layernorm.weight,4096
text_encoder.model.layers.30.self_attn.k_norm.weight,128
text_encoder.model.layers.30.self_attn.k_proj.weight,1024,4096
text_encoder.model.layers.30.self_attn.o_proj.weight,4096,4096
text_encoder.model.layers.30.self_attn.q_norm.weight,128
text_encoder.model.layers.30.self_attn.q_proj.weight,4096,4096
text_encoder.model.layers.30.self_attn.v_proj.weight,1024,4096
text_encoder.model.layers.31.input_layernorm.weight,4096
text_encoder.model.layers.31.mlp.down_proj.weight,4096,12288
text_encoder.model.layers.31.mlp.gate_proj.weight,12288,4096
text_encoder.model.layers.31.mlp.up_proj.weight,12288,4096
text_encoder.model.layers.31.post_attention_layernorm.weight,4096
text_encoder.model.layers.31.self_attn.k_norm.weight,128
text_encoder.model.layers.31.self_attn.k_proj.weight,1024,4096
text_encoder.model.layers.31.self_attn.o_proj.weight,4096,4096
text_encoder.model.layers.31.self_attn.q_norm.weight,128
text_encoder.model.layers.31.self_attn.q_proj.weight,4096,4096
text_encoder.model.layers.31.self_attn.v_proj.weight,1024,4096
text_encoder.model.layers.32.input_layernorm.weight,4096
text_encoder.model.layers.32.mlp.down_proj.weight,4096,12288
text_encoder.model.layers.32.mlp.gate_proj.weight,12288,4096
text_encoder.model.layers.32.mlp.up_proj.weight,12288,4096
text_encoder.model.layers.32.post_attention_layernorm.weight,4096
text_encoder.model.layers.32.self_attn.k_norm.weight,128
text_encoder.model.layers.32.self_attn.k_proj.weight,1024,4096
text_encoder.model.layers.32.self_attn.o_proj.weight,4096,4096
text_encoder.model.layers.32.self_attn.q_norm.weight,128
text_encoder.model.layers.32.self_attn.q_proj.weight,4096,4096
text_encoder.model.layers.32.self_attn.v_proj.weight,1024,4096
text_encoder.model.layers.33.input_layernorm.weight,4096
text_encoder.model.layers.33.mlp.down_proj.weight,4096,12288
text_encoder.model.layers.33.mlp.gate_proj.weight,12288,4096
text_encoder.model.layers.33.mlp.up_proj.weight,12288,4096
text_encoder.model.layers.33.post_attention_layernorm.weight,4096
text_encoder.model.layers.33.self_attn.k_norm.weight,128
text_encoder.model.layers.33.self_attn.k_proj.weight,1024,4096
text_encoder.model.layers.33.self_attn.o_proj.weight,4096,4096
text_encoder.model.layers.33.self_attn.q_norm.weight,128
text_encoder.model.layers.33.self_attn.q_proj.weight,4096,4096
text_encoder.model.layers.33.self_attn.v_proj.weight,1024,4096
text_encoder.model.layers.34.input_layernorm.weight,4096
text_encoder.model.layers.34.mlp.down_proj.weight,4096,12288
text_encoder.model.layers.34.mlp.gate_proj.weight,12288,4096
text_encoder.model.layers.34.mlp.up_proj.weight,12288,4096
text_encoder.model.layers.34.post_attention_layernorm.weight,4096
text_encoder.model.layers.34.self_attn.k_norm.weight,128
text_encoder.model.layers.34.self_attn.k_proj.weight,1024,4096
text_encoder.model.layers.34.self_attn.o_proj.weight,4096,4096
text_encoder.model.layers.34.self_attn.q_norm.weight,128
text_encoder.model.layers.34.self_attn.q_proj.weight,4096,4096
text_encoder.model.layers.34.self_attn.v_proj.weight,1024,4096
text_encoder.model.layers.35.input_layernorm.weight,4096
text_encoder.model.layers.35.mlp.down_proj.weight,4096,12288
text_encoder.model.layers.35.mlp.gate_proj.weight,12288,4096
text_encoder.model.layers.35.mlp.up_proj.weight,12288,4096
text_encoder.model.layers.35.post_attention_layernorm.weight,4096
text_encoder.model.layers.35.self_attn.k_norm.weight,128
text_encoder.model.layers.35.self_attn.k_proj.weight,1024,4096
text_encoder.model.layers.35.self_attn.o_proj.weight,4096,4096
text_encoder.model.layers.35.self_attn.q_norm.weight,128
text_encoder.model.layers.35.self_attn.q_proj.weight,4096,4096
text_encoder.model.layers.35.self_attn.v_proj.weight,1024,4096
text_encoder.model.layers.4.input_layernorm.weight,4096
text_encoder.model.layers.4.mlp.down_proj.weight,4096,12288
text_encoder.model.layers.4.mlp.gate_proj.weight,12288,4096
text_encoder.model.layers.4.mlp.up_proj.weight,12288,4096
text_encoder.model.layers.4.post_attention_layernorm.weight,4096
text_encoder.model.layers.4.self_attn.k_norm.weight,128
text_encoder.model.layers.4.self_attn.k_proj.weight,1024,4096
text_encoder.model.layers.4.self_attn.o_proj.weight,4096,4096
text_encoder.model.layers.4.self_attn.q_norm.weight,128
text_encoder.model.layers.4.self_attn.q_proj.weight,4096,4096
text_encoder.model.layers.4.self_attn.v_proj.weight,1024,4096
text_encoder.model.layers.5.input_layernorm.weight,4096
text_encoder.model.layers.5.mlp.down_proj.weight,4096,12288
text_encoder.model.layers.5.mlp.gate_proj.weight,12288,4096
text_encoder.model.layers.5.mlp.up_proj.weight,12288,4096
text_encoder.model.layers.5.post_attention_layernorm.weight,4096
text_encoder.model.layers.5.self_attn.k_norm.weight,128
text_encoder.model.layers.5.self_attn.k_proj.weight,1024,4096
text_encoder.model.layers.5.self_attn.o_proj.weight,4096,4096
text_encoder.model.layers.5.self_attn.q_norm.weight,128
text_encoder.model.layers.5.self_attn.q_proj.weight,4096,4096
text_encoder.model.layers.5.self_attn.v_proj.weight,1024,4096
text_encoder.model.layers.6.input_layernorm.weight,4096
text_encoder.model.layers.6.mlp.down_proj.weight,4096,12288
text_encoder.model.layers.6.mlp.gate_proj.weight,12288,4096
text_encoder.model.layers.6.mlp.up_proj.weight,12288,4096
text_encoder.model.layers.6.post_attention_layernorm.weight,4096
text_encoder.model.layers.6.self_attn.k_norm.weight,128
text_encoder.model.layers.6.self_attn.k_proj.weight,1024,4096
text_encoder.model.layers.6.self_attn.o_proj.weight,4096,4096
text_encoder.model.layers.6.self_attn.q_norm.weight,128
text_encoder.model.layers.6.self_attn.q_proj.weight,4096,4096
text_encoder.model.layers.6.self_attn.v_proj.weight,1024,4096
text_encoder.model.layers.7.input_layernorm.weight,4096
text_encoder.model.layers.7.mlp.down_proj.weight,4096,12288
text_encoder.model.layers.7.mlp.gate_proj.weight,12288,4096
text_encoder.model.layers.7.mlp.up_proj.weight,12288,4096
text_encoder.model.layers.7.post_attention_layernorm.weight,4096
text_encoder.model.layers.7.self_attn.k_norm.weight,128
text_encoder.model.layers.7.self_attn.k_proj.weight,1024,4096
text_encoder.model.layers.7.self_attn.o_proj.weight,4096,4096
text_encoder.model.layers.7.self_attn.q_norm.weight,128
text_encoder.model.layers.7.self_attn.q_proj.weight,4096,4096
text_encoder.model.layers.7.self_attn.v_proj.weight,1024,4096
text_encoder.model.layers.8.input_layernorm.weight,4096
text_encoder.model.layers.8.mlp.down_proj.weight,4096,12288
text_encoder.model.layers.8.mlp.gate_proj.weight,12288,4096
text_encoder.model.layers.8.mlp.up_proj.weight,12288,4096
text_encoder.model.layers.8.post_attention_layernorm.weight,4096
text_encoder.model.layers.8.self_attn.k_norm.weight,128
text_encoder.model.layers.8.self_attn.k_proj.weight,1024,4096
text_encoder.model.layers.8.self_attn.o_proj.weight,4096,4096
text_encoder.model.layers.8.self_attn.q_norm.weight,128
text_encoder.model.layers.8.self_attn.q_proj.weight,4096,4096
text_encoder.model.layers.8.self_attn.v_proj.weight,1024,4096
text_encoder.model.layers.9.input_layernorm.weight,4096
text_encoder.model.layers.9.mlp.down_proj.weight,4096,12288
text_encoder.model.layers.9.mlp.gate_proj.weight,12288,4096
text_encoder.model.layers.9.mlp.up_proj.weight,12288,4096
text_encoder.model.layers.9.post_attention_layernorm.weight,4096
text_encoder.model.layers.9.self_attn.k_norm.weight,128
text_encoder.model.layers.9.self_attn.k_proj.weight,1024,4096
text_encoder.model.layers.9.self_attn.o_proj.weight,4096,4096
text_encoder.model.layers.9.self_attn.q_norm.weight,128
text_encoder.model.layers.9.self_attn.q_proj.weight,4096,4096
text_encoder.model.layers.9.self_attn.v_proj.weight,1024,4096
text_encoder.model.norm.weight,4096
time_in.in_layer.weight,4096,256
time_in.out_layer.weight,4096,4096
transformer.context_embedder.weight,4096,12288
transformer.double_stream_modulation_img.linear.weight,24576,4096
transformer.double_stream_modulation_txt.linear.weight,24576,4096
transformer.norm_out.linear.weight,8192,4096
transformer.proj_out.weight,128,4096
transformer.single_stream_modulation.linear.weight,12288,4096
transformer.single_transformer_blocks.0.attn.norm_k.weight,128
transformer.single_transformer_blocks.0.attn.norm_q.weight,128
transformer.single_transformer_blocks.0.attn.to_out.weight,4096,16384
transformer.single_transformer_blocks.0.attn.to_qkv_mlp_proj.weight,36864,4096
transformer.single_transformer_blocks.1.attn.norm_k.weight,128
transformer.single_transformer_blocks.1.attn.norm_q.weight,128
transformer.single_transformer_blocks.1.attn.to_out.weight,4096,16384
transformer.single_transformer_blocks.1.attn.to_qkv_mlp_proj.weight,36864,4096
transformer.single_transformer_blocks.10.attn.norm_k.weight,128
transformer.single_transformer_blocks.10.attn.norm_q.weight,128
transformer.single_transformer_blocks.10.attn.to_out.weight,4096,16384
transformer.single_transformer_blocks.10.attn.to_qkv_mlp_proj.weight,36864,4096
transformer.single_transformer_blocks.11.attn.norm_k.weight,128
transformer.single_transformer_blocks.11.attn.norm_q.weight,128
transformer.single_transformer_blocks.11.attn.to_out.weight,4096,16384
transformer.single_transformer_blocks.11.attn.to_qkv_mlp_proj.weight,36864,4096
transformer.single_transformer_blocks.12.attn.norm_k.weight,128
transformer.single_transformer_blocks.12.attn.norm_q.weight,128
transformer.single_transformer_blocks.12.attn.to_out.weight,4096,16384
transformer.single_transformer_blocks.12.attn.to_qkv_mlp_proj.weight,36864,4096
transformer.single_transformer_blocks.13.attn.norm_k.weight,128
transformer.single_transformer_blocks.13.attn.norm_q.weight,128
transformer.single_transformer_blocks.13.attn.to_out.weight,4096,16384
transformer.single_transformer_blocks.13.attn.to_qkv_mlp_proj.weight,36864,4096
transformer.single_transformer_blocks.14.attn.norm_k.weight,128
transformer.single_transformer_blocks.14.attn.norm_q.weight,128
transformer.single_transformer_blocks.14.attn.to_out.weight,4096,16384
transformer.single_transformer_blocks.14.attn.to_qkv_mlp_proj.weight,36864,4096
transformer.single_transformer_blocks.15.attn.norm_k.weight,128
transformer.single_transformer_blocks.15.attn.norm_q.weight,128
transformer.single_transformer_blocks.15.attn.to_out.weight,4096,16384
transformer.single_transformer_blocks.15.attn.to_qkv_mlp_proj.weight,36864,4096
transformer.single_transformer_blocks.16.attn.norm_k.weight,128
transformer.single_transformer_blocks.16.attn.norm_q.weight,128
transformer.single_transformer_blocks.16.attn.to_out.weight,4096,16384
transformer.single_transformer_blocks.16.attn.to_qkv_mlp_proj.weight,36864,4096
transformer.single_transformer_blocks.17.attn.norm_k.weight,128
transformer.single_transformer_blocks.17.attn.norm_q.weight,128
transformer.single_transformer_blocks.17.attn.to_out.weight,4096,16384
transformer.single_transformer_blocks.17.attn.to_qkv_mlp_proj.weight,36864,4096
transformer.single_transformer_blocks.18.attn.norm_k.weight,128
transformer.single_transformer_blocks.18.attn.norm_q.weight,128
transformer.single_transformer_blocks.18.attn.to_out.weight,4096,16384
transformer.single_transformer_blocks.18.attn.to_qkv_mlp_proj.weight,36864,4096
transformer.single_transformer_blocks.19.attn.norm_k.weight,128
transformer.single_transformer_blocks.19.attn.norm_q.weight,128
transformer.single_transformer_blocks.19.attn.to_out.weight,4096,16384
transformer.single_transformer_blocks.19.attn.to_qkv_mlp_proj.weight,36864,4096
transformer.single_transformer_blocks.2.attn.norm_k.weight,128
transformer.single_transformer_blocks.2.attn.norm_q.weight,128
transformer.single_transformer_blocks.2.attn.to_out.weight,4096,16384
transformer.single_transformer_blocks.2.attn.to_qkv_mlp_proj.weight,36864,4096
transformer.single_transformer_blocks.20.attn.norm_k.weight,128
transformer.single_transformer_blocks.20.attn.norm_q.weight,128
transformer.single_transformer_blocks.20.attn.to_out.weight,4096,16384
transformer.single_transformer_blocks.20.attn.to_qkv_mlp_proj.weight,36864,4096
transformer.single_transformer_blocks.21.attn.norm_k.weight,128
transformer.single_transformer_blocks.21.attn.norm_q.weight,128
transformer.single_transformer_blocks.21.attn.to_out.weight,4096,16384
transformer.single_transformer_blocks.21.attn.to_qkv_mlp_proj.weight,36864,4096
transformer.single_transformer_blocks.22.attn.norm_k.weight,128
transformer.single_transformer_blocks.22.attn.norm_q.weight,128
transformer.single_transformer_blocks.22.attn.to_out.weight,4096,16384
transformer.single_transformer_blocks.22.attn.to_qkv_mlp_proj.weight,36864,4096
transformer.single_transformer_blocks.23.attn.norm_k.weight,128
transformer.single_transformer_blocks.23.attn.norm_q.weight,128
transformer.single_transformer_blocks.23.attn.to_out.weight,4096,16384
transformer.single_transformer_blocks.23.attn.to_qkv_mlp_proj.weight,36864,4096
transformer.single_transformer_blocks.3.attn.norm_k.weight,128
transformer.single_transformer_blocks.3.attn.norm_q.weight,128
transformer.single_transformer_blocks.3.attn.to_out.weight,4096,16384
transformer.single_transformer_blocks.3.attn.to_qkv_mlp_proj.weight,36864,4096
transformer.single_transformer_blocks.4.attn.norm_k.weight,128
transformer.single_transformer_blocks.4.attn.norm_q.weight,128
transformer.single_transformer_blocks.4.attn.to_out.weight,4096,16384
transformer.single_transformer_blocks.4.attn.to_qkv_mlp_proj.weight,36864,4096
transformer.single_transformer_blocks.5.attn.norm_k.weight,128
transformer.single_transformer_blocks.5.attn.norm_q.weight,128
transformer.single_transformer_blocks.5.attn.to_out.weight,4096,16384
transformer.single_transformer_blocks.5.attn.to_qkv_mlp_proj.weight,36864,4096
transformer.single_transformer_blocks.6.attn.norm_k.weight,128
transformer.single_transformer_blocks.6.attn.norm_q.weight,128
transformer.single_transformer_blocks.6.attn.to_out.weight,4096,16384
transformer.single_transformer_blocks.6.attn.to_qkv_mlp_proj.weight,36864,4096
transformer.single_transformer_blocks.7.attn.norm_k.weight,128
transformer.single_transformer_blocks.7.attn.norm_q.weight,128
transformer.single_transformer_blocks.7.attn.to_out.weight,4096,16384
transformer.single_transformer_blocks.7.attn.to_qkv_mlp_proj.weight,36864,4096
transformer.single_transformer_blocks.8.attn.norm_k.weight,128
transformer.single_transformer_blocks.8.attn.norm_q.weight,128
transformer.single_transformer_blocks.8.attn.to_out.weight,4096,16384
transformer.single_transformer_blocks.8.attn.to_qkv_mlp_proj.weight,36864,4096
transformer.single_transformer_blocks.9.attn.norm_k.weight,128
transformer.single_transformer_blocks.9.attn.norm_q.weight,128
transformer.single_transformer_blocks.9.attn.to_out.weight,4096,16384
transformer.single_transformer_blocks.9.attn.to_qkv_mlp_proj.weight,36864,4096
transformer.time_guidance_embed.timestep_embedder.linear_1.weight,4096,256
transformer.time_guidance_embed.timestep_embedder.linear_2.weight,4096,4096
transformer.transformer_blocks.0.attn.add_k_proj.weight,4096,4096
transformer.transformer_blocks.0.attn.add_q_proj.weight,4096,4096
transformer.transformer_blocks.0.attn.add_v_proj.weight,4096,4096
transformer.transformer_blocks.0.attn.norm_added_k.weight,128
transformer.transformer_blocks.0.attn.norm_added_q.weight,128
transformer.transformer_blocks.0.attn.norm_k.weight,128
transformer.transformer_blocks.0.attn.norm_q.weight,128
transformer.transformer_blocks.0.attn.to_add_out.weight,4096,4096
transformer.transformer_blocks.0.attn.to_k.weight,4096,4096
transformer.transformer_blocks.0.attn.to_out.0.weight,4096,4096
transformer.transformer_blocks.0.attn.to_q.weight,4096,4096
transformer.transformer_blocks.0.attn.to_v.weight,4096,4096
transformer.transformer_blocks.0.ff.linear_in.weight,24576,4096
transformer.transformer_blocks.0.ff.linear_out.weight,4096,12288
transformer.transformer_blocks.0.ff_context.linear_in.weight,24576,4096
transformer.transformer_blocks.0.ff_context.linear_out.weight,4096,12288
transformer.transformer_blocks.1.attn.add_k_proj.weight,4096,4096
transformer.transformer_blocks.1.attn.add_q_proj.weight,4096,4096
transformer.transformer_blocks.1.attn.add_v_proj.weight,4096,4096
transformer.transformer_blocks.1.attn.norm_added_k.weight,128
transformer.transformer_blocks.1.attn.norm_added_q.weight,128
transformer.transformer_blocks.1.attn.norm_k.weight,128
transformer.transformer_blocks.1.attn.norm_q.weight,128
transformer.transformer_blocks.1.attn.to_add_out.weight,4096,4096
transformer.transformer_blocks.1.attn.to_k.weight,4096,4096
transformer.transformer_blocks.1.attn.to_out.0.weight,4096,4096
transformer.transformer_blocks.1.attn.to_q.weight,4096,4096
transformer.transformer_blocks.1.attn.to_v.weight,4096,4096
transformer.transformer_blocks.1.ff.linear_in.weight,24576,4096
transformer.transformer_blocks.1.ff.linear_out.weight,4096,12288
transformer.transformer_blocks.1.ff_context.linear_in.weight,24576,4096
transformer.transformer_blocks.1.ff_context.linear_out.weight,4096,12288
transformer.transformer_blocks.2.attn.add_k_proj.weight,4096,4096
transformer.transformer_blocks.2.attn.add_q_proj.weight,4096,4096
transformer.transformer_blocks.2.attn.add_v_proj.weight,4096,4096
transformer.transformer_blocks.2.attn.norm_added_k.weight,128
transformer.transformer_blocks.2.attn.norm_added_q.weight,128
transformer.transformer_blocks.2.attn.norm_k.weight,128
transformer.transformer_blocks.2.attn.norm_q.weight,128
transformer.transformer_blocks.2.attn.to_add_out.weight,4096,4096
transformer.transformer_blocks.2.attn.to_k.weight,4096,4096
transformer.transformer_blocks.2.attn.to_out.0.weight,4096,4096
transformer.transformer_blocks.2.attn.to_q.weight,4096,4096
transformer.transformer_blocks.2.attn.to_v.weight,4096,4096
transformer.transformer_blocks.2.ff.linear_in.weight,24576,4096
transformer.transformer_blocks.2.ff.linear_out.weight,4096,12288
transformer.transformer_blocks.2.ff_context.linear_in.weight,24576,4096
transformer.transformer_blocks.2.ff_context.linear_out.weight,4096,12288
transformer.transformer_blocks.3.attn.add_k_proj.weight,4096,4096
transformer.transformer_blocks.3.attn.add_q_proj.weight,4096,4096
transformer.transformer_blocks.3.attn.add_v_proj.weight,4096,4096
transformer.transformer_blocks.3.attn.norm_added_k.weight,128
transformer.transformer_blocks.3.attn.norm_added_q.weight,128
transformer.transformer_blocks.3.attn.norm_k.weight,128
transformer.transformer_blocks.3.attn.norm_q.weight,128
transformer.transformer_blocks.3.attn.to_add_out.weight,4096,4096
transformer.transformer_blocks.3.attn.to_k.weight,4096,4096
transformer.transformer_blocks.3.attn.to_out.0.weight,4096,4096
transformer.transformer_blocks.3.attn.to_q.weight,4096,4096
transformer.transformer_blocks.3.attn.to_v.weight,4096,4096
transformer.transformer_blocks.3.ff.linear_in.weight,24576,4096
transformer.transformer_blocks.3.ff.linear_out.weight,4096,12288
transformer.transformer_blocks.3.ff_context.linear_in.weight,24576,4096
transformer.transformer_blocks.3.ff_context.linear_out.weight,4096,12288
transformer.transformer_blocks.4.attn.add_k_proj.weight,4096,4096
transformer.transformer_blocks.4.attn.add_q_proj.weight,4096,4096
transformer.transformer_blocks.4.attn.add_v_proj.weight,4096,4096
transformer.transformer_blocks.4.attn.norm_added_k.weight,128
transformer.transformer_blocks.4.attn.norm_added_q.weight,128
transformer.transformer_blocks.4.attn.norm_k.weight,128
transformer.transformer_blocks.4.attn.norm_q.weight,128
transformer.transformer_blocks.4.attn.to_add_out.weight,4096,4096
transformer.transformer_blocks.4.attn.to_k.weight,4096,4096
transformer.transformer_blocks.4.attn.to_out.0.weight,4096,4096
transformer.transformer_blocks.4.attn.to_q.weight,4096,4096
transformer.transformer_blocks.4.attn.to_v.weight,4096,4096
transformer.transformer_blocks.4.ff.linear_in.weight,24576,4096
transformer.transformer_blocks.4.ff.linear_out.weight,4096,12288
transformer.transformer_blocks.4.ff_context.linear_in.weight,24576,4096
transformer.transformer_blocks.4.ff_context.linear_out.weight,4096,12288
transformer.transformer_blocks.5.attn.add_k_proj.weight,4096,4096
transformer.transformer_blocks.5.attn.add_q_proj.weight,4096,4096
transformer.transformer_blocks.5.attn.add_v_proj.weight,4096,4096
transformer.transformer_blocks.5.attn.norm_added_k.weight,128
transformer.transformer_blocks.5.attn.norm_added_q.weight,128
transformer.transformer_blocks.5.attn.norm_k.weight,128
transformer.transformer_blocks.5.attn.norm_q.weight,128
transformer.transformer_blocks.5.attn.to_add_out.weight,4096,4096
transformer.transformer_blocks.5.attn.to_k.weight,4096,4096
transformer.transformer_blocks.5.attn.to_out.0.weight,4096,4096
transformer.transformer_blocks.5.attn.to_q.weight,4096,4096
transformer.transformer_blocks.5.attn.to_v.weight,4096,4096
transformer.transformer_blocks.5.ff.linear_in.weight,24576,4096
transformer.transformer_blocks.5.ff.linear_out.weight,4096,12288
transformer.transformer_blocks.5.ff_context.linear_in.weight,24576,4096
transformer.transformer_blocks.5.ff_context.linear_out.weight,4096,12288
transformer.transformer_blocks.6.attn.add_k_proj.weight,4096,4096
transformer.transformer_blocks.6.attn.add_q_proj.weight,4096,4096
transformer.transformer_blocks.6.attn.add_v_proj.weight,4096,4096
transformer.transformer_blocks.6.attn.norm_added_k.weight,128
transformer.transformer_blocks.6.attn.norm_added_q.weight,128
transformer.transformer_blocks.6.attn.norm_k.weight,128
transformer.transformer_blocks.6.attn.norm_q.weight,128
transformer.transformer_blocks.6.attn.to_add_out.weight,4096,4096
transformer.transformer_blocks.6.attn.to_k.weight,4096,4096
transformer.transformer_blocks.6.attn.to_out.0.weight,4096,4096
transformer.transformer_blocks.6.attn.to_q.weight,4096,4096
transformer.transformer_blocks.6.attn.to_v.weight,4096,4096
transformer.transformer_blocks.6.ff.linear_in.weight,24576,4096
transformer.transformer_blocks.6.ff.linear_out.weight,4096,12288
transformer.transformer_blocks.6.ff_context.linear_in.weight,24576,4096
transformer.transformer_blocks.6.ff_context.linear_out.weight,4096,12288
transformer.transformer_blocks.7.attn.add_k_proj.weight,4096,4096
transformer.transformer_blocks.7.attn.add_q_proj.weight,4096,4096
transformer.transformer_blocks.7.attn.add_v_proj.weight,4096,4096
transformer.transformer_blocks.7.attn.norm_added_k.weight,128
transformer.transformer_blocks.7.attn.norm_added_q.weight,128
transformer.transformer_blocks.7.attn.norm_k.weight,128
transformer.transformer_blocks.7.attn.norm_q.weight,128
transformer.transformer_blocks.7.attn.to_add_out.weight,4096,4096
transformer.transformer_blocks.7.attn.to_k.weight,4096,4096
transformer.transformer_blocks.7.attn.to_out.0.weight,4096,4096
transformer.transformer_blocks.7.attn.to_q.weight,4096,4096
transformer.transformer_blocks.7.attn.to_v.weight,4096,4096
transformer.transformer_blocks.7.ff.linear_in.weight,24576,4096
transformer.transformer_blocks.7.ff.linear_out.weight,4096,12288
transformer.transformer_blocks.7.ff_context.linear_in.weight,24576,4096
transformer.transformer_blocks.7.ff_context.linear_out.weight,4096,12288
transformer.x_embedder.weight,4096,128
txt_in.weight,4096,12288
vae.bn.num_batches_tracked,
vae.bn.running_mean,128
vae.bn.running_var,128
vae.decoder.conv_in.bias,512
vae.decoder.conv_in.weight,512,32,3,3
vae.decoder.conv_norm_out.bias,128
vae.decoder.conv_norm_out.weight,128
vae.decoder.conv_out.bias,3
vae.decoder.conv_out.weight,3,128,3,3
vae.decoder.mid_block.attentions.0.group_norm.bias,512
vae.decoder.mid_block.attentions.0.group_norm.weight,512
vae.decoder.mid_block.attentions.0.to_k.bias,512
vae.decoder.mid_block.attentions.0.to_k.weight,512,512
vae.decoder.mid_block.attentions.0.to_out.0.bias,512
vae.decoder.mid_block.attentions.0.to_out.0.weight,512,512
vae.decoder.mid_block.attentions.0.to_q.bias,512
vae.decoder.mid_block.attentions.0.to_q.weight,512,512
vae.decoder.mid_block.attentions.0.to_v.bias,512
vae.decoder.mid_block.attentions.0.to_v.weight,512,512
vae.decoder.mid_block.resnets.0.conv1.bias,512
vae.decoder.mid_block.resnets.0.conv1.weight,512,512,3,3
vae.decoder.mid_block.resnets.0.conv2.bias,512
vae.decoder.mid_block.resnets.0.conv2.weight,512,512,3,3
vae.decoder.mid_block.resnets.0.norm1.bias,512
vae.decoder.mid_block.resnets.0.norm1.weight,512
vae.decoder.mid_block.resnets.0.norm2.bias,512
vae.decoder.mid_block.resnets.0.norm2.weight,512
vae.decoder.mid_block.resnets.1.conv1.bias,512
vae.decoder.mid_block.resnets.1.conv1.weight,512,512,3,3
vae.decoder.mid_block.resnets.1.conv2.bias,512
vae.decoder.mid_block.resnets.1.conv2.weight,512,512,3,3
vae.decoder.mid_block.resnets.1.norm1.bias,512
vae.decoder.mid_block.resnets.1.norm1.weight,512
vae.decoder.mid_block.resnets.1.norm2.bias,512
vae.decoder.mid_block.resnets.1.norm2.weight,512
vae.decoder.up_blocks.0.resnets.0.conv1.bias,512
vae.decoder.up_blocks.0.resnets.0.conv1.weight,512,512,3,3
vae.decoder.up_blocks.0.resnets.0.conv2.bias,512
vae.decoder.up_blocks.0.resnets.0.conv2.weight,512,512,3,3
vae.decoder.up_blocks.0.resnets.0.norm1.bias,512
vae.decoder.up_blocks.0.resnets.0.norm1.weight,512
vae.decoder.up_blocks.0.resnets.0.norm2.bias,512
vae.decoder.up_blocks.0.resnets.0.norm2.weight,512
vae.decoder.up_blocks.0.resnets.1.conv1.bias,512
vae.decoder.up_blocks.0.resnets.1.conv1.weight,512,512,3,3
vae.decoder.up_blocks.0.resnets.1.conv2.bias,512
vae.decoder.up_blocks.0.resnets.1.conv2.weight,512,512,3,3
vae.decoder.up_blocks.0.resnets.1.norm1.bias,512
vae.decoder.up_blocks.0.resnets.1.norm1.weight,512
vae.decoder.up_blocks.0.resnets.1.norm2.bias,512
vae.decoder.up_blocks.0.resnets.1.norm2.weight,512
vae.decoder.up_blocks.0.resnets.2.conv1.bias,512
vae.decoder.up_blocks.0.resnets.2.conv1.weight,512,512,3,3
vae.decoder.up_blocks.0.resnets.2.conv2.bias,512
vae.decoder.up_blocks.0.resnets.2.conv2.weight,512,512,3,3
vae.decoder.up_blocks.0.resnets.2.norm1.bias,512
vae.decoder.up_blocks.0.resnets.2.norm1.weight,512
vae.decoder.up_blocks.0.resnets.2.norm2.bias,512
vae.decoder.up_blocks.0.resnets.2.norm2.weight,512
vae.decoder.up_blocks.0.upsamplers.0.conv.bias,512
vae.decoder.up_blocks.0.upsamplers.0.conv.weight,512,512,3,3
vae.decoder.up_blocks.1.resnets.0.conv1.bias,512
vae.decoder.up_blocks.1.resnets.0.conv1.weight,512,512,3,3
vae.decoder.up_blocks.1.resnets.0.conv2.bias,512
vae.decoder.up_blocks.1.resnets.0.conv2.weight,512,512,3,3
vae.decoder.up_blocks.1.resnets.0.norm1.bias,512
vae.decoder.up_blocks.1.resnets.0.norm1.weight,512
vae.decoder.up_blocks.1.resnets.0.norm2.bias,512
vae.decoder.up_blocks.1.resnets.0.norm2.weight,512
vae.decoder.up_blocks.1.resnets.1.conv1.bias,512
vae.decoder.up_blocks.1.resnets.1.conv1.weight,512,512,3,3
vae.decoder.up_blocks.1.resnets.1.conv2.bias,512
vae.decoder.up_blocks.1.resnets.1.conv2.weight,512,512,3,3
vae.decoder.up_blocks.1.resnets.1.norm1.bias,512
vae.decoder.up_blocks.1.resnets.1.norm1.weight,512
vae.decoder.up_blocks.1.resnets.1.norm2.bias,512
vae.decoder.up_blocks.1.resnets.1.norm2.weight,512
vae.decoder.up_blocks.1.resnets.2.conv1.bias,512
vae.decoder.up_blocks.1.resnets.2.conv1.weight,512,512,3,3
vae.decoder.up_blocks.1.resnets.2.conv2.bias,512
vae.decoder.up_blocks.1.resnets.2.conv2.weight,512,512,3,3
vae.decoder.up_blocks.1.resnets.2.norm1.bias,512
vae.decoder.up_blocks.1.resnets.2.norm1.weight,512
vae.decoder.up_blocks.1.resnets.2.norm2.bias,512
vae.decoder.up_blocks.1.resnets.2.norm2.weight,512
vae.decoder.up_blocks.1.upsamplers.0.conv.bias,512
vae.decoder.up_blocks.1.upsamplers.0.conv.weight,512,512,3,3
vae.decoder.up_blocks.2.resnets.0.conv1.bias,256
vae.decoder.up_blocks.2.resnets.0.conv1.weight,256,512,3,3
vae.decoder.up_blocks.2.resnets.0.conv2.bias,256
vae.decoder.up_blocks.2.resnets.0.conv2.weight,256,256,3,3
vae.decoder.up_blocks.2.resnets.0.conv_shortcut.bias,256
vae.decoder.up_blocks.2.resnets.0.conv_shortcut.weight,256,512,1,1
vae.decoder.up_blocks.2.resnets.0.norm1.bias,512
vae.decoder.up_blocks.2.resnets.0.norm1.weight,512
vae.decoder.up_blocks.2.resnets.0.norm2.bias,256
vae.decoder.up_blocks.2.resnets.0.norm2.weight,256
vae.decoder.up_blocks.2.resnets.1.conv1.bias,256
vae.decoder.up_blocks.2.resnets.1.conv1.weight,256,256,3,3
vae.decoder.up_blocks.2.resnets.1.conv2.bias,256
vae.decoder.up_blocks.2.resnets.1.conv2.weight,256,256,3,3
vae.decoder.up_blocks.2.resnets.1.norm1.bias,256
vae.decoder.up_blocks.2.resnets.1.norm1.weight,256
vae.decoder.up_blocks.2.resnets.1.norm2.bias,256
vae.decoder.up_blocks.2.resnets.1.norm2.weight,256
vae.decoder.up_blocks.2.resnets.2.conv1.bias,256
vae.decoder.up_blocks.2.resnets.2.conv1.weight,256,256,3,3
vae.decoder.up_blocks.2.resnets.2.conv2.bias,256
vae.decoder.up_blocks.2.resnets.2.conv2.weight,256,256,3,3
vae.decoder.up_blocks.2.resnets.2.norm1.bias,256
vae.decoder.up_blocks.2.resnets.2.norm1.weight,256
vae.decoder.up_blocks.2.resnets.2.norm2.bias,256
vae.decoder.up_blocks.2.resnets.2.norm2.weight,256
vae.decoder.up_blocks.2.upsamplers.0.conv.bias,256
vae.decoder.up_blocks.2.upsamplers.0.conv.weight,256,256,3,3
vae.decoder.up_blocks.3.resnets.0.conv1.bias,128
vae.decoder.up_blocks.3.resnets.0.conv1.weight,128,256,3,3
vae.decoder.up_blocks.3.resnets.0.conv2.bias,128
vae.decoder.up_blocks.3.resnets.0.conv2.weight,128,128,3,3
vae.decoder.up_blocks.3.resnets.0.conv_shortcut.bias,128
vae.decoder.up_blocks.3.resnets.0.conv_shortcut.weight,128,256,1,1
vae.decoder.up_blocks.3.resnets.0.norm1.bias,256
vae.decoder.up_blocks.3.resnets.0.norm1.weight,256
vae.decoder.up_blocks.3.resnets.0.norm2.bias,128
vae.decoder.up_blocks.3.resnets.0.norm2.weight,128
vae.decoder.up_blocks.3.resnets.1.conv1.bias,128
vae.decoder.up_blocks.3.resnets.1.conv1.weight,128,128,3,3
vae.decoder.up_blocks.3.resnets.1.conv2.bias,128
vae.decoder.up_blocks.3.resnets.1.conv2.weight,128,128,3,3
vae.decoder.up_blocks.3.resnets.1.norm1.bias,128
vae.decoder.up_blocks.3.resnets.1.norm1.weight,128
vae.decoder.up_blocks.3.resnets.1.norm2.bias,128
vae.decoder.up_blocks.3.resnets.1.norm2.weight,128
vae.decoder.up_blocks.3.resnets.2.conv1.bias,128
vae.decoder.up_blocks.3.resnets.2.conv1.weight,128,128,3,3
vae.decoder.up_blocks.3.resnets.2.conv2.bias,128
vae.decoder.up_blocks.3.resnets.2.conv2.weight,128,128,3,3
vae.decoder.up_blocks.3.resnets.2.norm1.bias,128
vae.decoder.up_blocks.3.resnets.2.norm1.weight,128
vae.decoder.up_blocks.3.resnets.2.norm2.bias,128
vae.decoder.up_blocks.3.resnets.2.norm2.weight,128
vae.encoder.conv_in.bias,128
vae.encoder.conv_in.weight,128,3,3,3
vae.encoder.conv_norm_out.bias,512
vae.encoder.conv_norm_out.weight,512
vae.encoder.conv_out.bias,64
vae.encoder.conv_out.weight,64,512,3,3
vae.encoder.down_blocks.0.downsamplers.0.conv.bias,128
vae.encoder.down_blocks.0.downsamplers.0.conv.weight,128,128,3,3
vae.encoder.down_blocks.0.resnets.0.conv1.bias,128
vae.encoder.down_blocks.0.resnets.0.conv1.weight,128,128,3,3
vae.encoder.down_blocks.0.resnets.0.conv2.bias,128
vae.encoder.down_blocks.0.resnets.0.conv2.weight,128,128,3,3
vae.encoder.down_blocks.0.resnets.0.norm1.bias,128
vae.encoder.down_blocks.0.resnets.0.norm1.weight,128
vae.encoder.down_blocks.0.resnets.0.norm2.bias,128
vae.encoder.down_blocks.0.resnets.0.norm2.weight,128
vae.encoder.down_blocks.0.resnets.1.conv1.bias,128
vae.encoder.down_blocks.0.resnets.1.conv1.weight,128,128,3,3
vae.encoder.down_blocks.0.resnets.1.conv2.bias,128
vae.encoder.down_blocks.0.resnets.1.conv2.weight,128,128,3,3
vae.encoder.down_blocks.0.resnets.1.norm1.bias,128
vae.encoder.down_blocks.0.resnets.1.norm1.weight,128
vae.encoder.down_blocks.0.resnets.1.norm2.bias,128
vae.encoder.down_blocks.0.resnets.1.norm2.weight,128
vae.encoder.down_blocks.1.downsamplers.0.conv.bias,256
vae.encoder.down_blocks.1.downsamplers.0.conv.weight,256,256,3,3
vae.encoder.down_blocks.1.resnets.0.conv1.bias,256
vae.encoder.down_blocks.1.resnets.0.conv1.weight,256,128,3,3
vae.encoder.down_blocks.1.resnets.0.conv2.bias,256
vae.encoder.down_blocks.1.resnets.0.conv2.weight,256,256,3,3
vae.encoder.down_blocks.1.resnets.0.conv_shortcut.bias,256
vae.encoder.down_blocks.1.resnets.0.conv_shortcut.weight,256,128,1,1
vae.encoder.down_blocks.1.resnets.0.norm1.bias,128
vae.encoder.down_blocks.1.resnets.0.norm1.weight,128
vae.encoder.down_blocks.1.resnets.0.norm2.bias,256
vae.encoder.down_blocks.1.resnets.0.norm2.weight,256
vae.encoder.down_blocks.1.resnets.1.conv1.bias,256
vae.encoder.down_blocks.1.resnets.1.conv1.weight,256,256,3,3
vae.encoder.down_blocks.1.resnets.1.conv2.bias,256
vae.encoder.down_blocks.1.resnets.1.conv2.weight,256,256,3,3
vae.encoder.down_blocks.1.resnets.1.norm1.bias,256
vae.encoder.down_blocks.1.resnets.1.norm1.weight,256
vae.encoder.down_blocks.1.resnets.1.norm2.bias,256
vae.encoder.down_blocks.1.resnets.1.norm2.weight,256
vae.encoder.down_blocks.2.downsamplers.0.conv.bias,512
vae.encoder.down_blocks.2.downsamplers.0.conv.weight,512,512,3,3
vae.encoder.down_blocks.2.resnets.0.conv1.bias,512
vae.encoder.down_blocks.2.resnets.0.conv1.weight,512,256,3,3
vae.encoder.down_blocks.2.resnets.0.conv2.bias,512
vae.encoder.down_blocks.2.resnets.0.conv2.weight,512,512,3,3
vae.encoder.down_blocks.2.resnets.0.conv_shortcut.bias,512
vae.encoder.down_blocks.2.resnets.0.conv_shortcut.weight,512,256,1,1
vae.encoder.down_blocks.2.resnets.0.norm1.bias,256
vae.encoder.down_blocks.2.resnets.0.norm1.weight,256
vae.encoder.down_blocks.2.resnets.0.norm2.bias,512
vae.encoder.down_blocks.2.resnets.0.norm2.weight,512
vae.encoder.down_blocks.2.resnets.1.conv1.bias,512
vae.encoder.down_blocks.2.resnets.1.conv1.weight,512,512,3,3
vae.encoder.down_blocks.2.resnets.1.conv2.bias,512
vae.encoder.down_blocks.2.resnets.1.conv2.weight,512,512,3,3
vae.encoder.down_blocks.2.resnets.1.norm1.bias,512
vae.encoder.down_blocks.2.resnets.1.norm1.weight,512
vae.encoder.down_blocks.2.resnets.1.norm2.bias,512
vae.encoder.down_blocks.2.resnets.1.norm2.weight,512
vae.encoder.down_blocks.3.resnets.0.conv1.bias,512
vae.encoder.down_blocks.3.resnets.0.conv1.weight,512,512,3,3
vae.encoder.down_blocks.3.resnets.0.conv2.bias,512
vae.encoder.down_blocks.3.resnets.0.conv2.weight,512,512,3,3
vae.encoder.down_blocks.3.resnets.0.norm1.bias,512
vae.encoder.down_blocks.3.resnets.0.norm1.weight,512
vae.encoder.down_blocks.3.resnets.0.norm2.bias,512
vae.encoder.down_blocks.3.resnets.0.norm2.weight,512
vae.encoder.down_blocks.3.resnets.1.conv1.bias,512
vae.encoder.down_blocks.3.resnets.1.conv1.weight,512,512,3,3
vae.encoder.down_blocks.3.resnets.1.conv2.bias,512
vae.encoder.down_blocks.3.resnets.1.conv2.weight,512,512,3,3
vae.encoder.down_blocks.3.resnets.1.norm1.bias,512
vae.encoder.down_blocks.3.resnets.1.norm1.weight,512
vae.encoder.down_blocks.3.resnets.1.norm2.bias,512
vae.encoder.down_blocks.3.resnets.1.norm2.weight,512
vae.encoder.mid_block.attentions.0.group_norm.bias,512
vae.encoder.mid_block.attentions.0.group_norm.weight,512
vae.encoder.mid_block.attentions.0.to_k.bias,512
vae.encoder.mid_block.attentions.0.to_k.weight,512,512
vae.encoder.mid_block.attentions.0.to_out.0.bias,512
vae.encoder.mid_block.attentions.0.to_out.0.weight,512,512
vae.encoder.mid_block.attentions.0.to_q.bias,512
vae.encoder.mid_block.attentions.0.to_q.weight,512,512
vae.encoder.mid_block.attentions.0.to_v.bias,512
vae.encoder.mid_block.attentions.0.to_v.weight,512,512
vae.encoder.mid_block.resnets.0.conv1.bias,512
vae.encoder.mid_block.resnets.0.conv1.weight,512,512,3,3
vae.encoder.mid_block.resnets.0.conv2.bias,512
vae.encoder.mid_block.resnets.0.conv2.weight,512,512,3,3
vae.encoder.mid_block.resnets.0.norm1.bias,512
vae.encoder.mid_block.resnets.0.norm1.weight,512
vae.encoder.mid_block.resnets.0.norm2.bias,512
vae.encoder.mid_block.resnets.0.norm2.weight,512
vae.encoder.mid_block.resnets.1.conv1.bias,512
vae.encoder.mid_block.resnets.1.conv1.weight,512,512,3,3
vae.encoder.mid_block.resnets.1.conv2.bias,512
vae.encoder.mid_block.resnets.1.conv2.weight,512,512,3,3
vae.encoder.mid_block.resnets.1.norm1.bias,512
vae.encoder.mid_block.resnets.1.norm1.weight,512
vae.encoder.mid_block.resnets.1.norm2.bias,512
vae.encoder.mid_block.resnets.1.norm2.weight,512
vae.post_quant_conv.bias,32
vae.post_quant_conv.weight,32,32,1,1
vae.quant_conv.bias,64
vae.quant_conv.weight,64,64,1,1
