decoder.conv_in.bias,384
decoder.conv_in.weight,384,16,3,3,3
decoder.conv_out.bias,3
decoder.conv_out.weight,3,96,3,3,3
decoder.mid_block.attentions.0.norm.bias,,
decoder.mid_block.attentions.0.proj.bias,384
decoder.mid_block.attentions.0.proj.weight,384,384,1,1
decoder.mid_block.attentions.0.to_qkv.bias,1152
decoder.mid_block.attentions.0.to_qkv.weight,1152,384,1,1
decoder.mid_block.resnets.0.conv1.bias,384
decoder.mid_block.resnets.0.conv1.weight,384,384,3,3,3
decoder.mid_block.resnets.0.conv2.bias,384
decoder.mid_block.resnets.0.conv2.weight,384,384,3,3,3
decoder.mid_block.resnets.0.norm1.bias,,
decoder.mid_block.resnets.0.norm2.bias,,
decoder.mid_block.resnets.1.conv1.bias,384
decoder.mid_block.resnets.1.conv1.weight,384,384,3,3,3
decoder.mid_block.resnets.1.conv2.bias,384
decoder.mid_block.resnets.1.conv2.weight,384,384,3,3,3
decoder.mid_block.resnets.1.norm1.bias,,
decoder.mid_block.resnets.1.norm2.bias,,
decoder.norm_out.bias,,
decoder.up_blocks.0.resnets.0.conv1.bias,384
decoder.up_blocks.0.resnets.0.conv1.weight,384,384,3,3,3
decoder.up_blocks.0.resnets.0.conv2.bias,384
decoder.up_blocks.0.resnets.0.conv2.weight,384,384,3,3,3
decoder.up_blocks.0.resnets.0.norm1.bias,,
decoder.up_blocks.0.resnets.0.norm2.bias,,
decoder.up_blocks.0.resnets.1.conv1.bias,384
decoder.up_blocks.0.resnets.1.conv1.weight,384,384,3,3,3
decoder.up_blocks.0.resnets.1.conv2.bias,384
decoder.up_blocks.0.resnets.1.conv2.weight,384,384,3,3,3
decoder.up_blocks.0.resnets.1.norm1.bias,,
decoder.up_blocks.0.resnets.1.norm2.bias,,
decoder.up_blocks.0.resnets.2.conv1.bias,384
decoder.up_blocks.0.resnets.2.conv1.weight,384,384,3,3,3
decoder.up_blocks.0.resnets.2.conv2.bias,384
decoder.up_blocks.0.resnets.2.conv2.weight,384,384,3,3,3
decoder.up_blocks.0.resnets.2.norm1.bias,,
decoder.up_blocks.0.resnets.2.norm2.bias,,
decoder.up_blocks.0.upsamplers.0.resample.1.bias,192
decoder.up_blocks.0.upsamplers.0.resample.1.weight,192,384,3,3
decoder.up_blocks.0.upsamplers.0.time_conv.bias,768
decoder.up_blocks.0.upsamplers.0.time_conv.weight,768,384,3,1,1
decoder.up_blocks.1.resnets.0.conv1.bias,384
decoder.up_blocks.1.resnets.0.conv1.weight,384,192,3,3,3
decoder.up_blocks.1.resnets.0.conv2.bias,384
decoder.up_blocks.1.resnets.0.conv2.weight,384,384,3,3,3
decoder.up_blocks.1.resnets.0.conv_shortcut.bias,384
decoder.up_blocks.1.resnets.0.conv_shortcut.weight,384,192,1,1,1
decoder.up_blocks.1.resnets.0.norm1.bias,,
decoder.up_blocks.1.resnets.0.norm2.bias,,
decoder.up_blocks.1.resnets.1.conv1.bias,384
decoder.up_blocks.1.resnets.1.conv1.weight,384,384,3,3,3
decoder.up_blocks.1.resnets.1.conv2.bias,384
decoder.up_blocks.1.resnets.1.conv2.weight,384,384,3,3,3
decoder.up_blocks.1.resnets.1.norm1.bias,,
decoder.up_blocks.1.resnets.1.norm2.bias,,
decoder.up_blocks.1.resnets.2.conv1.bias,384
decoder.up_blocks.1.resnets.2.conv1.weight,384,384,3,3,3
decoder.up_blocks.1.resnets.2.conv2.bias,384
decoder.up_blocks.1.resnets.2.conv2.weight,384,384,3,3,3
decoder.up_blocks.1.resnets.2.norm1.bias,,
decoder.up_blocks.1.resnets.2.norm2.bias,,
decoder.up_blocks.1.upsamplers.0.resample.1.bias,192
decoder.up_blocks.1.upsamplers.0.resample.1.weight,192,384,3,3
decoder.up_blocks.1.upsamplers.0.time_conv.bias,768
decoder.up_blocks.1.upsamplers.0.time_conv.weight,768,384,3,1,1
decoder.up_blocks.2.resnets.0.conv1.bias,192
decoder.up_blocks.2.resnets.0.conv1.weight,192,192,3,3,3
decoder.up_blocks.2.resnets.0.conv2.bias,192
decoder.up_blocks.2.resnets.0.conv2.weight,192,192,3,3,3
decoder.up_blocks.2.resnets.0.norm1.bias,,
decoder.up_blocks.2.resnets.0.norm2.bias,,
decoder.up_blocks.2.resnets.1.conv1.bias,192
decoder.up_blocks.2.resnets.1.conv1.weight,192,192,3,3,3
decoder.up_blocks.2.resnets.1.conv2.bias,192
decoder.up_blocks.2.resnets.1.conv2.weight,192,192,3,3,3
decoder.up_blocks.2.resnets.1.norm1.bias,,
decoder.up_blocks.2.resnets.1.norm2.bias,,
decoder.up_blocks.2.resnets.2.conv1.bias,192
decoder.up_blocks.2.resnets.2.conv1.weight,192,192,3,3,3
decoder.up_blocks.2.resnets.2.conv2.bias,192
decoder.up_blocks.2.resnets.2.conv2.weight,192,192,3,3,3
decoder.up_blocks.2.resnets.2.norm1.bias,,
decoder.up_blocks.2.resnets.2.norm2.bias,,
decoder.up_blocks.2.upsamplers.0.resample.1.bias,96
decoder.up_blocks.2.upsamplers.0.resample.1.weight,96,192,3,3
decoder.up_blocks.3.resnets.0.conv1.bias,96
decoder.up_blocks.3.resnets.0.conv1.weight,96,96,3,3,3
decoder.up_blocks.3.resnets.0.conv2.bias,96
decoder.up_blocks.3.resnets.0.conv2.weight,96,96,3,3,3
decoder.up_blocks.3.resnets.0.norm1.bias,,
decoder.up_blocks.3.resnets.0.norm2.bias,,
decoder.up_blocks.3.resnets.1.conv1.bias,96
decoder.up_blocks.3.resnets.1.conv1.weight,96,96,3,3,3
decoder.up_blocks.3.resnets.1.conv2.bias,96
decoder.up_blocks.3.resnets.1.conv2.weight,96,96,3,3,3
decoder.up_blocks.3.resnets.1.norm1.bias,,
decoder.up_blocks.3.resnets.1.norm2.bias,,
decoder.up_blocks.3.resnets.2.conv1.bias,96
decoder.up_blocks.3.resnets.2.conv1.weight,96,96,3,3,3
decoder.up_blocks.3.resnets.2.conv2.bias,96
decoder.up_blocks.3.resnets.2.conv2.weight,96,96,3,3,3
decoder.up_blocks.3.resnets.2.norm1.bias,,
decoder.up_blocks.3.resnets.2.norm2.bias,,
encoder.conv_in.bias,96
encoder.conv_in.weight,96,3,3,3,3
encoder.conv_out.bias,32
encoder.conv_out.weight,32,384,3,3,3
encoder.down_blocks.0.conv1.bias,96
encoder.down_blocks.0.conv1.weight,96,96,3,3,3
encoder.down_blocks.0.conv2.bias,96
encoder.down_blocks.0.conv2.weight,96,96,3,3,3
encoder.down_blocks.0.norm1.bias,,
encoder.down_blocks.0.norm2.bias,,
encoder.down_blocks.1.conv1.bias,96
encoder.down_blocks.1.conv1.weight,96,96,3,3,3
encoder.down_blocks.1.conv2.bias,96
encoder.down_blocks.1.conv2.weight,96,96,3,3,3
encoder.down_blocks.1.norm1.bias,,
encoder.down_blocks.1.norm2.bias,,
encoder.down_blocks.10.conv1.bias,384
encoder.down_blocks.10.conv1.weight,384,384,3,3,3
encoder.down_blocks.10.conv2.bias,384
encoder.down_blocks.10.conv2.weight,384,384,3,3,3
encoder.down_blocks.10.norm1.bias,,
encoder.down_blocks.10.norm2.bias,,
encoder.down_blocks.2.resample.1.bias,96
encoder.down_blocks.2.resample.1.weight,96,96,3,3
encoder.down_blocks.3.conv1.bias,192
encoder.down_blocks.3.conv1.weight,192,96,3,3,3
encoder.down_blocks.3.conv2.bias,192
encoder.down_blocks.3.conv2.weight,192,192,3,3,3
encoder.down_blocks.3.conv_shortcut.bias,192
encoder.down_blocks.3.conv_shortcut.weight,192,96,1,1,1
encoder.down_blocks.3.norm1.bias,,
encoder.down_blocks.3.norm2.bias,,
encoder.down_blocks.4.conv1.bias,192
encoder.down_blocks.4.conv1.weight,192,192,3,3,3
encoder.down_blocks.4.conv2.bias,192
encoder.down_blocks.4.conv2.weight,192,192,3,3,3
encoder.down_blocks.4.norm1.bias,,
encoder.down_blocks.4.norm2.bias,,
encoder.down_blocks.5.resample.1.bias,192
encoder.down_blocks.5.resample.1.weight,192,192,3,3
encoder.down_blocks.5.time_conv.bias,192
encoder.down_blocks.5.time_conv.weight,192,192,3,1,1
encoder.down_blocks.6.conv1.bias,384
encoder.down_blocks.6.conv1.weight,384,192,3,3,3
encoder.down_blocks.6.conv2.bias,384
encoder.down_blocks.6.conv2.weight,384,384,3,3,3
encoder.down_blocks.6.conv_shortcut.bias,384
encoder.down_blocks.6.conv_shortcut.weight,384,192,1,1,1
encoder.down_blocks.6.norm1.bias,,
encoder.down_blocks.6.norm2.bias,,
encoder.down_blocks.7.conv1.bias,384
encoder.down_blocks.7.conv1.weight,384,384,3,3,3
encoder.down_blocks.7.conv2.bias,384
encoder.down_blocks.7.conv2.weight,384,384,3,3,3
encoder.down_blocks.7.norm1.bias,,
encoder.down_blocks.7.norm2.bias,,
encoder.down_blocks.8.resample.1.bias,384
encoder.down_blocks.8.resample.1.weight,384,384,3,3
encoder.down_blocks.8.time_conv.bias,384
encoder.down_blocks.8.time_conv.weight,384,384,3,1,1
encoder.down_blocks.9.conv1.bias,384
encoder.down_blocks.9.conv1.weight,384,384,3,3,3
encoder.down_blocks.9.conv2.bias,384
encoder.down_blocks.9.conv2.weight,384,384,3,3,3
encoder.down_blocks.9.norm1.bias,,
encoder.down_blocks.9.norm2.bias,,
encoder.mid_block.attentions.0.norm.bias,,
encoder.mid_block.attentions.0.proj.bias,384
encoder.mid_block.attentions.0.proj.weight,384,384,1,1
encoder.mid_block.attentions.0.to_qkv.bias,1152
encoder.mid_block.attentions.0.to_qkv.weight,1152,384,1,1
encoder.mid_block.resnets.0.conv1.bias,384
encoder.mid_block.resnets.0.conv1.weight,384,384,3,3,3
encoder.mid_block.resnets.0.conv2.bias,384
encoder.mid_block.resnets.0.conv2.weight,384,384,3,3,3
encoder.mid_block.resnets.0.norm1.bias,,
encoder.mid_block.resnets.0.norm2.bias,,
encoder.mid_block.resnets.1.conv1.bias,384
encoder.mid_block.resnets.1.conv1.weight,384,384,3,3,3
encoder.mid_block.resnets.1.conv2.bias,384
encoder.mid_block.resnets.1.conv2.weight,384,384,3,3,3
encoder.mid_block.resnets.1.norm1.bias,,
encoder.mid_block.resnets.1.norm2.bias,,
encoder.norm_out.bias,,
post_quant_conv.bias,16
post_quant_conv.weight,16,16,1,1,1
quant_conv.bias,32
quant_conv.weight,32,32,1,1,1
