audio_injector.injector.0.k.bias,5120
audio_injector.injector.0.k.weight,5120,5120
audio_injector.injector.0.norm_k.weight,5120
audio_injector.injector.0.norm_q.weight,5120
audio_injector.injector.0.o.bias,5120
audio_injector.injector.0.o.weight,5120,5120
audio_injector.injector.0.q.bias,5120
audio_injector.injector.0.q.weight,5120,5120
audio_injector.injector.0.v.bias,5120
audio_injector.injector.0.v.weight,5120,5120
audio_injector.injector.1.k.bias,5120
audio_injector.injector.1.k.weight,5120,5120
audio_injector.injector.1.norm_k.weight,5120
audio_injector.injector.1.norm_q.weight,5120
audio_injector.injector.1.o.bias,5120
audio_injector.injector.1.o.weight,5120,5120
audio_injector.injector.1.q.bias,5120
audio_injector.injector.1.q.weight,5120,5120
audio_injector.injector.1.v.bias,5120
audio_injector.injector.1.v.weight,5120,5120
audio_injector.injector.10.k.bias,5120
audio_injector.injector.10.k.weight,5120,5120
audio_injector.injector.10.norm_k.weight,5120
audio_injector.injector.10.norm_q.weight,5120
audio_injector.injector.10.o.bias,5120
audio_injector.injector.10.o.weight,5120,5120
audio_injector.injector.10.q.bias,5120
audio_injector.injector.10.q.weight,5120,5120
audio_injector.injector.10.v.bias,5120
audio_injector.injector.10.v.weight,5120,5120
audio_injector.injector.11.k.bias,5120
audio_injector.injector.11.k.weight,5120,5120
audio_injector.injector.11.norm_k.weight,5120
audio_injector.injector.11.norm_q.weight,5120
audio_injector.injector.11.o.bias,5120
audio_injector.injector.11.o.weight,5120,5120
audio_injector.injector.11.q.bias,5120
audio_injector.injector.11.q.weight,5120,5120
audio_injector.injector.11.v.bias,5120
audio_injector.injector.11.v.weight,5120,5120
audio_injector.injector.2.k.bias,5120
audio_injector.injector.2.k.weight,5120,5120
audio_injector.injector.2.norm_k.weight,5120
audio_injector.injector.2.norm_q.weight,5120
audio_injector.injector.2.o.bias,5120
audio_injector.injector.2.o.weight,5120,5120
audio_injector.injector.2.q.bias,5120
audio_injector.injector.2.q.weight,5120,5120
audio_injector.injector.2.v.bias,5120
audio_injector.injector.2.v.weight,5120,5120
audio_injector.injector.3.k.bias,5120
audio_injector.injector.3.k.weight,5120,5120
audio_injector.injector.3.norm_k.weight,5120
audio_injector.injector.3.norm_q.weight,5120
audio_injector.injector.3.o.bias,5120
audio_injector.injector.3.o.weight,5120,5120
audio_injector.injector.3.q.bias,5120
audio_injector.injector.3.q.weight,5120,5120
audio_injector.injector.3.v.bias,5120
audio_injector.injector.3.v.weight,5120,5120
audio_injector.injector.4.k.bias,5120
audio_injector.injector.4.k.weight,5120,5120
audio_injector.injector.4.norm_k.weight,5120
audio_injector.injector.4.norm_q.weight,5120
audio_injector.injector.4.o.bias,5120
audio_injector.injector.4.o.weight,5120,5120
audio_injector.injector.4.q.bias,5120
audio_injector.injector.4.q.weight,5120,5120
audio_injector.injector.4.v.bias,5120
audio_injector.injector.4.v.weight,5120,5120
audio_injector.injector.5.k.bias,5120
audio_injector.injector.5.k.weight,5120,5120
audio_injector.injector.5.norm_k.weight,5120
audio_injector.injector.5.norm_q.weight,5120
audio_injector.injector.5.o.bias,5120
audio_injector.injector.5.o.weight,5120,5120
audio_injector.injector.5.q.bias,5120
audio_injector.injector.5.q.weight,5120,5120
audio_injector.injector.5.v.bias,5120
audio_injector.injector.5.v.weight,5120,5120
audio_injector.injector.6.k.bias,5120
audio_injector.injector.6.k.weight,5120,5120
audio_injector.injector.6.norm_k.weight,5120
audio_injector.injector.6.norm_q.weight,5120
audio_injector.injector.6.o.bias,5120
audio_injector.injector.6.o.weight,5120,5120
audio_injector.injector.6.q.bias,5120
audio_injector.injector.6.q.weight,5120,5120
audio_injector.injector.6.v.bias,5120
audio_injector.injector.6.v.weight,5120,5120
audio_injector.injector.7.k.bias,5120
audio_injector.injector.7.k.weight,5120,5120
audio_injector.injector.7.norm_k.weight,5120
audio_injector.injector.7.norm_q.weight,5120
audio_injector.injector.7.o.bias,5120
audio_injector.injector.7.o.weight,5120,5120
audio_injector.injector.7.q.bias,5120
audio_injector.injector.7.q.weight,5120,5120
audio_injector.injector.7.v.bias,5120
audio_injector.injector.7.v.weight,5120,5120
audio_injector.injector.8.k.bias,5120
audio_injector.injector.8.k.weight,5120,5120
audio_injector.injector.8.norm_k.weight,5120
audio_injector.injector.8.norm_q.weight,5120
audio_injector.injector.8.o.bias,5120
audio_injector.injector.8.o.weight,5120,5120
audio_injector.injector.8.q.bias,5120
audio_injector.injector.8.q.weight,5120,5120
audio_injector.injector.8.v.bias,5120
audio_injector.injector.8.v.weight,5120,5120
audio_injector.injector.9.k.bias,5120
audio_injector.injector.9.k.weight,5120,5120
audio_injector.injector.9.norm_k.weight,5120
audio_injector.injector.9.norm_q.weight,5120
audio_injector.injector.9.o.bias,5120
audio_injector.injector.9.o.weight,5120,5120
audio_injector.injector.9.q.bias,5120
audio_injector.injector.9.q.weight,5120,5120
audio_injector.injector.9.v.bias,5120
audio_injector.injector.9.v.weight,5120,5120
audio_injector.injector_adain_layers.0.linear.bias,10240
audio_injector.injector_adain_layers.0.linear.weight,10240,5120
audio_injector.injector_adain_layers.1.linear.bias,10240
audio_injector.injector_adain_layers.1.linear.weight,10240,5120
audio_injector.injector_adain_layers.10.linear.bias,10240
audio_injector.injector_adain_layers.10.linear.weight,10240,5120
audio_injector.injector_adain_layers.11.linear.bias,10240
audio_injector.injector_adain_layers.11.linear.weight,10240,5120
audio_injector.injector_adain_layers.2.linear.bias,10240
audio_injector.injector_adain_layers.2.linear.weight,10240,5120
audio_injector.injector_adain_layers.3.linear.bias,10240
audio_injector.injector_adain_layers.3.linear.weight,10240,5120
audio_injector.injector_adain_layers.4.linear.bias,10240
audio_injector.injector_adain_layers.4.linear.weight,10240,5120
audio_injector.injector_adain_layers.5.linear.bias,10240
audio_injector.injector_adain_layers.5.linear.weight,10240,5120
audio_injector.injector_adain_layers.6.linear.bias,10240
audio_injector.injector_adain_layers.6.linear.weight,10240,5120
audio_injector.injector_adain_layers.7.linear.bias,10240
audio_injector.injector_adain_layers.7.linear.weight,10240,5120
audio_injector.injector_adain_layers.8.linear.bias,10240
audio_injector.injector_adain_layers.8.linear.weight,10240,5120
audio_injector.injector_adain_layers.9.linear.bias,10240
audio_injector.injector_adain_layers.9.linear.weight,10240,5120
blocks.0.cross_attn.k.bias,5120
blocks.0.cross_attn.k.weight,5120,5120
blocks.0.cross_attn.norm_k.weight,5120
blocks.0.cross_attn.norm_q.weight,5120
blocks.0.cross_attn.o.bias,5120
blocks.0.cross_attn.o.weight,5120,5120
blocks.0.cross_attn.q.bias,5120
blocks.0.cross_attn.q.weight,5120,5120
blocks.0.cross_attn.v.bias,5120
blocks.0.cross_attn.v.weight,5120,5120
blocks.0.ffn.0.bias,13824
blocks.0.ffn.0.weight,13824,5120
blocks.0.ffn.2.bias,5120
blocks.0.ffn.2.weight,5120,13824
blocks.0.modulation,1,6,5120
blocks.0.norm3.bias,5120
blocks.0.norm3.weight,5120
blocks.0.self_attn.k.bias,5120
blocks.0.self_attn.k.weight,5120,5120
blocks.0.self_attn.norm_k.weight,5120
blocks.0.self_attn.norm_q.weight,5120
blocks.0.self_attn.o.bias,5120
blocks.0.self_attn.o.weight,5120,5120
blocks.0.self_attn.q.bias,5120
blocks.0.self_attn.q.weight,5120,5120
blocks.0.self_attn.v.bias,5120
blocks.0.self_attn.v.weight,5120,5120
blocks.1.cross_attn.k.bias,5120
blocks.1.cross_attn.k.weight,5120,5120
blocks.1.cross_attn.norm_k.weight,5120
blocks.1.cross_attn.norm_q.weight,5120
blocks.1.cross_attn.o.bias,5120
blocks.1.cross_attn.o.weight,5120,5120
blocks.1.cross_attn.q.bias,5120
blocks.1.cross_attn.q.weight,5120,5120
blocks.1.cross_attn.v.bias,5120
blocks.1.cross_attn.v.weight,5120,5120
blocks.1.ffn.0.bias,13824
blocks.1.ffn.0.weight,13824,5120
blocks.1.ffn.2.bias,5120
blocks.1.ffn.2.weight,5120,13824
blocks.1.modulation,1,6,5120
blocks.1.norm3.bias,5120
blocks.1.norm3.weight,5120
blocks.1.self_attn.k.bias,5120
blocks.1.self_attn.k.weight,5120,5120
blocks.1.self_attn.norm_k.weight,5120
blocks.1.self_attn.norm_q.weight,5120
blocks.1.self_attn.o.bias,5120
blocks.1.self_attn.o.weight,5120,5120
blocks.1.self_attn.q.bias,5120
blocks.1.self_attn.q.weight,5120,5120
blocks.1.self_attn.v.bias,5120
blocks.1.self_attn.v.weight,5120,5120
blocks.10.cross_attn.k.bias,5120
blocks.10.cross_attn.k.weight,5120,5120
blocks.10.cross_attn.norm_k.weight,5120
blocks.10.cross_attn.norm_q.weight,5120
blocks.10.cross_attn.o.bias,5120
blocks.10.cross_attn.o.weight,5120,5120
blocks.10.cross_attn.q.bias,5120
blocks.10.cross_attn.q.weight,5120,5120
blocks.10.cross_attn.v.bias,5120
blocks.10.cross_attn.v.weight,5120,5120
blocks.10.ffn.0.bias,13824
blocks.10.ffn.0.weight,13824,5120
blocks.10.ffn.2.bias,5120
blocks.10.ffn.2.weight,5120,13824
blocks.10.modulation,1,6,5120
blocks.10.norm3.bias,5120
blocks.10.norm3.weight,5120
blocks.10.self_attn.k.bias,5120
blocks.10.self_attn.k.weight,5120,5120
blocks.10.self_attn.norm_k.weight,5120
blocks.10.self_attn.norm_q.weight,5120
blocks.10.self_attn.o.bias,5120
blocks.10.self_attn.o.weight,5120,5120
blocks.10.self_attn.q.bias,5120
blocks.10.self_attn.q.weight,5120,5120
blocks.10.self_attn.v.bias,5120
blocks.10.self_attn.v.weight,5120,5120
blocks.11.cross_attn.k.bias,5120
blocks.11.cross_attn.k.weight,5120,5120
blocks.11.cross_attn.norm_k.weight,5120
blocks.11.cross_attn.norm_q.weight,5120
blocks.11.cross_attn.o.bias,5120
blocks.11.cross_attn.o.weight,5120,5120
blocks.11.cross_attn.q.bias,5120
blocks.11.cross_attn.q.weight,5120,5120
blocks.11.cross_attn.v.bias,5120
blocks.11.cross_attn.v.weight,5120,5120
blocks.11.ffn.0.bias,13824
blocks.11.ffn.0.weight,13824,5120
blocks.11.ffn.2.bias,5120
blocks.11.ffn.2.weight,5120,13824
blocks.11.modulation,1,6,5120
blocks.11.norm3.bias,5120
blocks.11.norm3.weight,5120
blocks.11.self_attn.k.bias,5120
blocks.11.self_attn.k.weight,5120,5120
blocks.11.self_attn.norm_k.weight,5120
blocks.11.self_attn.norm_q.weight,5120
blocks.11.self_attn.o.bias,5120
blocks.11.self_attn.o.weight,5120,5120
blocks.11.self_attn.q.bias,5120
blocks.11.self_attn.q.weight,5120,5120
blocks.11.self_attn.v.bias,5120
blocks.11.self_attn.v.weight,5120,5120
blocks.12.cross_attn.k.bias,5120
blocks.12.cross_attn.k.weight,5120,5120
blocks.12.cross_attn.norm_k.weight,5120
blocks.12.cross_attn.norm_q.weight,5120
blocks.12.cross_attn.o.bias,5120
blocks.12.cross_attn.o.weight,5120,5120
blocks.12.cross_attn.q.bias,5120
blocks.12.cross_attn.q.weight,5120,5120
blocks.12.cross_attn.v.bias,5120
blocks.12.cross_attn.v.weight,5120,5120
blocks.12.ffn.0.bias,13824
blocks.12.ffn.0.weight,13824,5120
blocks.12.ffn.2.bias,5120
blocks.12.ffn.2.weight,5120,13824
blocks.12.modulation,1,6,5120
blocks.12.norm3.bias,5120
blocks.12.norm3.weight,5120
blocks.12.self_attn.k.bias,5120
blocks.12.self_attn.k.weight,5120,5120
blocks.12.self_attn.norm_k.weight,5120
blocks.12.self_attn.norm_q.weight,5120
blocks.12.self_attn.o.bias,5120
blocks.12.self_attn.o.weight,5120,5120
blocks.12.self_attn.q.bias,5120
blocks.12.self_attn.q.weight,5120,5120
blocks.12.self_attn.v.bias,5120
blocks.12.self_attn.v.weight,5120,5120
blocks.13.cross_attn.k.bias,5120
blocks.13.cross_attn.k.weight,5120,5120
blocks.13.cross_attn.norm_k.weight,5120
blocks.13.cross_attn.norm_q.weight,5120
blocks.13.cross_attn.o.bias,5120
blocks.13.cross_attn.o.weight,5120,5120
blocks.13.cross_attn.q.bias,5120
blocks.13.cross_attn.q.weight,5120,5120
blocks.13.cross_attn.v.bias,5120
blocks.13.cross_attn.v.weight,5120,5120
blocks.13.ffn.0.bias,13824
blocks.13.ffn.0.weight,13824,5120
blocks.13.ffn.2.bias,5120
blocks.13.ffn.2.weight,5120,13824
blocks.13.modulation,1,6,5120
blocks.13.norm3.bias,5120
blocks.13.norm3.weight,5120
blocks.13.self_attn.k.bias,5120
blocks.13.self_attn.k.weight,5120,5120
blocks.13.self_attn.norm_k.weight,5120
blocks.13.self_attn.norm_q.weight,5120
blocks.13.self_attn.o.bias,5120
blocks.13.self_attn.o.weight,5120,5120
blocks.13.self_attn.q.bias,5120
blocks.13.self_attn.q.weight,5120,5120
blocks.13.self_attn.v.bias,5120
blocks.13.self_attn.v.weight,5120,5120
blocks.14.cross_attn.k.bias,5120
blocks.14.cross_attn.k.weight,5120,5120
blocks.14.cross_attn.norm_k.weight,5120
blocks.14.cross_attn.norm_q.weight,5120
blocks.14.cross_attn.o.bias,5120
blocks.14.cross_attn.o.weight,5120,5120
blocks.14.cross_attn.q.bias,5120
blocks.14.cross_attn.q.weight,5120,5120
blocks.14.cross_attn.v.bias,5120
blocks.14.cross_attn.v.weight,5120,5120
blocks.14.ffn.0.bias,13824
blocks.14.ffn.0.weight,13824,5120
blocks.14.ffn.2.bias,5120
blocks.14.ffn.2.weight,5120,13824
blocks.14.modulation,1,6,5120
blocks.14.norm3.bias,5120
blocks.14.norm3.weight,5120
blocks.14.self_attn.k.bias,5120
blocks.14.self_attn.k.weight,5120,5120
blocks.14.self_attn.norm_k.weight,5120
blocks.14.self_attn.norm_q.weight,5120
blocks.14.self_attn.o.bias,5120
blocks.14.self_attn.o.weight,5120,5120
blocks.14.self_attn.q.bias,5120
blocks.14.self_attn.q.weight,5120,5120
blocks.14.self_attn.v.bias,5120
blocks.14.self_attn.v.weight,5120,5120
blocks.15.cross_attn.k.bias,5120
blocks.15.cross_attn.k.weight,5120,5120
blocks.15.cross_attn.norm_k.weight,5120
blocks.15.cross_attn.norm_q.weight,5120
blocks.15.cross_attn.o.bias,5120
blocks.15.cross_attn.o.weight,5120,5120
blocks.15.cross_attn.q.bias,5120
blocks.15.cross_attn.q.weight,5120,5120
blocks.15.cross_attn.v.bias,5120
blocks.15.cross_attn.v.weight,5120,5120
blocks.15.ffn.0.bias,13824
blocks.15.ffn.0.weight,13824,5120
blocks.15.ffn.2.bias,5120
blocks.15.ffn.2.weight,5120,13824
blocks.15.modulation,1,6,5120
blocks.15.norm3.bias,5120
blocks.15.norm3.weight,5120
blocks.15.self_attn.k.bias,5120
blocks.15.self_attn.k.weight,5120,5120
blocks.15.self_attn.norm_k.weight,5120
blocks.15.self_attn.norm_q.weight,5120
blocks.15.self_attn.o.bias,5120
blocks.15.self_attn.o.weight,5120,5120
blocks.15.self_attn.q.bias,5120
blocks.15.self_attn.q.weight,5120,5120
blocks.15.self_attn.v.bias,5120
blocks.15.self_attn.v.weight,5120,5120
blocks.16.cross_attn.k.bias,5120
blocks.16.cross_attn.k.weight,5120,5120
blocks.16.cross_attn.norm_k.weight,5120
blocks.16.cross_attn.norm_q.weight,5120
blocks.16.cross_attn.o.bias,5120
blocks.16.cross_attn.o.weight,5120,5120
blocks.16.cross_attn.q.bias,5120
blocks.16.cross_attn.q.weight,5120,5120
blocks.16.cross_attn.v.bias,5120
blocks.16.cross_attn.v.weight,5120,5120
blocks.16.ffn.0.bias,13824
blocks.16.ffn.0.weight,13824,5120
blocks.16.ffn.2.bias,5120
blocks.16.ffn.2.weight,5120,13824
blocks.16.modulation,1,6,5120
blocks.16.norm3.bias,5120
blocks.16.norm3.weight,5120
blocks.16.self_attn.k.bias,5120
blocks.16.self_attn.k.weight,5120,5120
blocks.16.self_attn.norm_k.weight,5120
blocks.16.self_attn.norm_q.weight,5120
blocks.16.self_attn.o.bias,5120
blocks.16.self_attn.o.weight,5120,5120
blocks.16.self_attn.q.bias,5120
blocks.16.self_attn.q.weight,5120,5120
blocks.16.self_attn.v.bias,5120
blocks.16.self_attn.v.weight,5120,5120
blocks.17.cross_attn.k.bias,5120
blocks.17.cross_attn.k.weight,5120,5120
blocks.17.cross_attn.norm_k.weight,5120
blocks.17.cross_attn.norm_q.weight,5120
blocks.17.cross_attn.o.bias,5120
blocks.17.cross_attn.o.weight,5120,5120
blocks.17.cross_attn.q.bias,5120
blocks.17.cross_attn.q.weight,5120,5120
blocks.17.cross_attn.v.bias,5120
blocks.17.cross_attn.v.weight,5120,5120
blocks.17.ffn.0.bias,13824
blocks.17.ffn.0.weight,13824,5120
blocks.17.ffn.2.bias,5120
blocks.17.ffn.2.weight,5120,13824
blocks.17.modulation,1,6,5120
blocks.17.norm3.bias,5120
blocks.17.norm3.weight,5120
blocks.17.self_attn.k.bias,5120
blocks.17.self_attn.k.weight,5120,5120
blocks.17.self_attn.norm_k.weight,5120
blocks.17.self_attn.norm_q.weight,5120
blocks.17.self_attn.o.bias,5120
blocks.17.self_attn.o.weight,5120,5120
blocks.17.self_attn.q.bias,5120
blocks.17.self_attn.q.weight,5120,5120
blocks.17.self_attn.v.bias,5120
blocks.17.self_attn.v.weight,5120,5120
blocks.18.cross_attn.k.bias,5120
blocks.18.cross_attn.k.weight,5120,5120
blocks.18.cross_attn.norm_k.weight,5120
blocks.18.cross_attn.norm_q.weight,5120
blocks.18.cross_attn.o.bias,5120
blocks.18.cross_attn.o.weight,5120,5120
blocks.18.cross_attn.q.bias,5120
blocks.18.cross_attn.q.weight,5120,5120
blocks.18.cross_attn.v.bias,5120
blocks.18.cross_attn.v.weight,5120,5120
blocks.18.ffn.0.bias,13824
blocks.18.ffn.0.weight,13824,5120
blocks.18.ffn.2.bias,5120
blocks.18.ffn.2.weight,5120,13824
blocks.18.modulation,1,6,5120
blocks.18.norm3.bias,5120
blocks.18.norm3.weight,5120
blocks.18.self_attn.k.bias,5120
blocks.18.self_attn.k.weight,5120,5120
blocks.18.self_attn.norm_k.weight,5120
blocks.18.self_attn.norm_q.weight,5120
blocks.18.self_attn.o.bias,5120
blocks.18.self_attn.o.weight,5120,5120
blocks.18.self_attn.q.bias,5120
blocks.18.self_attn.q.weight,5120,5120
blocks.18.self_attn.v.bias,5120
blocks.18.self_attn.v.weight,5120,5120
blocks.19.cross_attn.k.bias,5120
blocks.19.cross_attn.k.weight,5120,5120
blocks.19.cross_attn.norm_k.weight,5120
blocks.19.cross_attn.norm_q.weight,5120
blocks.19.cross_attn.o.bias,5120
blocks.19.cross_attn.o.weight,5120,5120
blocks.19.cross_attn.q.bias,5120
blocks.19.cross_attn.q.weight,5120,5120
blocks.19.cross_attn.v.bias,5120
blocks.19.cross_attn.v.weight,5120,5120
blocks.19.ffn.0.bias,13824
blocks.19.ffn.0.weight,13824,5120
blocks.19.ffn.2.bias,5120
blocks.19.ffn.2.weight,5120,13824
blocks.19.modulation,1,6,5120
blocks.19.norm3.bias,5120
blocks.19.norm3.weight,5120
blocks.19.self_attn.k.bias,5120
blocks.19.self_attn.k.weight,5120,5120
blocks.19.self_attn.norm_k.weight,5120
blocks.19.self_attn.norm_q.weight,5120
blocks.19.self_attn.o.bias,5120
blocks.19.self_attn.o.weight,5120,5120
blocks.19.self_attn.q.bias,5120
blocks.19.self_attn.q.weight,5120,5120
blocks.19.self_attn.v.bias,5120
blocks.19.self_attn.v.weight,5120,5120
blocks.2.cross_attn.k.bias,5120
blocks.2.cross_attn.k.weight,5120,5120
blocks.2.cross_attn.norm_k.weight,5120
blocks.2.cross_attn.norm_q.weight,5120
blocks.2.cross_attn.o.bias,5120
blocks.2.cross_attn.o.weight,5120,5120
blocks.2.cross_attn.q.bias,5120
blocks.2.cross_attn.q.weight,5120,5120
blocks.2.cross_attn.v.bias,5120
blocks.2.cross_attn.v.weight,5120,5120
blocks.2.ffn.0.bias,13824
blocks.2.ffn.0.weight,13824,5120
blocks.2.ffn.2.bias,5120
blocks.2.ffn.2.weight,5120,13824
blocks.2.modulation,1,6,5120
blocks.2.norm3.bias,5120
blocks.2.norm3.weight,5120
blocks.2.self_attn.k.bias,5120
blocks.2.self_attn.k.weight,5120,5120
blocks.2.self_attn.norm_k.weight,5120
blocks.2.self_attn.norm_q.weight,5120
blocks.2.self_attn.o.bias,5120
blocks.2.self_attn.o.weight,5120,5120
blocks.2.self_attn.q.bias,5120
blocks.2.self_attn.q.weight,5120,5120
blocks.2.self_attn.v.bias,5120
blocks.2.self_attn.v.weight,5120,5120
blocks.20.cross_attn.k.bias,5120
blocks.20.cross_attn.k.weight,5120,5120
blocks.20.cross_attn.norm_k.weight,5120
blocks.20.cross_attn.norm_q.weight,5120
blocks.20.cross_attn.o.bias,5120
blocks.20.cross_attn.o.weight,5120,5120
blocks.20.cross_attn.q.bias,5120
blocks.20.cross_attn.q.weight,5120,5120
blocks.20.cross_attn.v.bias,5120
blocks.20.cross_attn.v.weight,5120,5120
blocks.20.ffn.0.bias,13824
blocks.20.ffn.0.weight,13824,5120
blocks.20.ffn.2.bias,5120
blocks.20.ffn.2.weight,5120,13824
blocks.20.modulation,1,6,5120
blocks.20.norm3.bias,5120
blocks.20.norm3.weight,5120
blocks.20.self_attn.k.bias,5120
blocks.20.self_attn.k.weight,5120,5120
blocks.20.self_attn.norm_k.weight,5120
blocks.20.self_attn.norm_q.weight,5120
blocks.20.self_attn.o.bias,5120
blocks.20.self_attn.o.weight,5120,5120
blocks.20.self_attn.q.bias,5120
blocks.20.self_attn.q.weight,5120,5120
blocks.20.self_attn.v.bias,5120
blocks.20.self_attn.v.weight,5120,5120
blocks.21.cross_attn.k.bias,5120
blocks.21.cross_attn.k.weight,5120,5120
blocks.21.cross_attn.norm_k.weight,5120
blocks.21.cross_attn.norm_q.weight,5120
blocks.21.cross_attn.o.bias,5120
blocks.21.cross_attn.o.weight,5120,5120
blocks.21.cross_attn.q.bias,5120
blocks.21.cross_attn.q.weight,5120,5120
blocks.21.cross_attn.v.bias,5120
blocks.21.cross_attn.v.weight,5120,5120
blocks.21.ffn.0.bias,13824
blocks.21.ffn.0.weight,13824,5120
blocks.21.ffn.2.bias,5120
blocks.21.ffn.2.weight,5120,13824
blocks.21.modulation,1,6,5120
blocks.21.norm3.bias,5120
blocks.21.norm3.weight,5120
blocks.21.self_attn.k.bias,5120
blocks.21.self_attn.k.weight,5120,5120
blocks.21.self_attn.norm_k.weight,5120
blocks.21.self_attn.norm_q.weight,5120
blocks.21.self_attn.o.bias,5120
blocks.21.self_attn.o.weight,5120,5120
blocks.21.self_attn.q.bias,5120
blocks.21.self_attn.q.weight,5120,5120
blocks.21.self_attn.v.bias,5120
blocks.21.self_attn.v.weight,5120,5120
blocks.22.cross_attn.k.bias,5120
blocks.22.cross_attn.k.weight,5120,5120
blocks.22.cross_attn.norm_k.weight,5120
blocks.22.cross_attn.norm_q.weight,5120
blocks.22.cross_attn.o.bias,5120
blocks.22.cross_attn.o.weight,5120,5120
blocks.22.cross_attn.q.bias,5120
blocks.22.cross_attn.q.weight,5120,5120
blocks.22.cross_attn.v.bias,5120
blocks.22.cross_attn.v.weight,5120,5120
blocks.22.ffn.0.bias,13824
blocks.22.ffn.0.weight,13824,5120
blocks.22.ffn.2.bias,5120
blocks.22.ffn.2.weight,5120,13824
blocks.22.modulation,1,6,5120
blocks.22.norm3.bias,5120
blocks.22.norm3.weight,5120
blocks.22.self_attn.k.bias,5120
blocks.22.self_attn.k.weight,5120,5120
blocks.22.self_attn.norm_k.weight,5120
blocks.22.self_attn.norm_q.weight,5120
blocks.22.self_attn.o.bias,5120
blocks.22.self_attn.o.weight,5120,5120
blocks.22.self_attn.q.bias,5120
blocks.22.self_attn.q.weight,5120,5120
blocks.22.self_attn.v.bias,5120
blocks.22.self_attn.v.weight,5120,5120
blocks.23.cross_attn.k.bias,5120
blocks.23.cross_attn.k.weight,5120,5120
blocks.23.cross_attn.norm_k.weight,5120
blocks.23.cross_attn.norm_q.weight,5120
blocks.23.cross_attn.o.bias,5120
blocks.23.cross_attn.o.weight,5120,5120
blocks.23.cross_attn.q.bias,5120
blocks.23.cross_attn.q.weight,5120,5120
blocks.23.cross_attn.v.bias,5120
blocks.23.cross_attn.v.weight,5120,5120
blocks.23.ffn.0.bias,13824
blocks.23.ffn.0.weight,13824,5120
blocks.23.ffn.2.bias,5120
blocks.23.ffn.2.weight,5120,13824
blocks.23.modulation,1,6,5120
blocks.23.norm3.bias,5120
blocks.23.norm3.weight,5120
blocks.23.self_attn.k.bias,5120
blocks.23.self_attn.k.weight,5120,5120
blocks.23.self_attn.norm_k.weight,5120
blocks.23.self_attn.norm_q.weight,5120
blocks.23.self_attn.o.bias,5120
blocks.23.self_attn.o.weight,5120,5120
blocks.23.self_attn.q.bias,5120
blocks.23.self_attn.q.weight,5120,5120
blocks.23.self_attn.v.bias,5120
blocks.23.self_attn.v.weight,5120,5120
blocks.24.cross_attn.k.bias,5120
blocks.24.cross_attn.k.weight,5120,5120
blocks.24.cross_attn.norm_k.weight,5120
blocks.24.cross_attn.norm_q.weight,5120
blocks.24.cross_attn.o.bias,5120
blocks.24.cross_attn.o.weight,5120,5120
blocks.24.cross_attn.q.bias,5120
blocks.24.cross_attn.q.weight,5120,5120
blocks.24.cross_attn.v.bias,5120
blocks.24.cross_attn.v.weight,5120,5120
blocks.24.ffn.0.bias,13824
blocks.24.ffn.0.weight,13824,5120
blocks.24.ffn.2.bias,5120
blocks.24.ffn.2.weight,5120,13824
blocks.24.modulation,1,6,5120
blocks.24.norm3.bias,5120
blocks.24.norm3.weight,5120
blocks.24.self_attn.k.bias,5120
blocks.24.self_attn.k.weight,5120,5120
blocks.24.self_attn.norm_k.weight,5120
blocks.24.self_attn.norm_q.weight,5120
blocks.24.self_attn.o.bias,5120
blocks.24.self_attn.o.weight,5120,5120
blocks.24.self_attn.q.bias,5120
blocks.24.self_attn.q.weight,5120,5120
blocks.24.self_attn.v.bias,5120
blocks.24.self_attn.v.weight,5120,5120
blocks.25.cross_attn.k.bias,5120
blocks.25.cross_attn.k.weight,5120,5120
blocks.25.cross_attn.norm_k.weight,5120
blocks.25.cross_attn.norm_q.weight,5120
blocks.25.cross_attn.o.bias,5120
blocks.25.cross_attn.o.weight,5120,5120
blocks.25.cross_attn.q.bias,5120
blocks.25.cross_attn.q.weight,5120,5120
blocks.25.cross_attn.v.bias,5120
blocks.25.cross_attn.v.weight,5120,5120
blocks.25.ffn.0.bias,13824
blocks.25.ffn.0.weight,13824,5120
blocks.25.ffn.2.bias,5120
blocks.25.ffn.2.weight,5120,13824
blocks.25.modulation,1,6,5120
blocks.25.norm3.bias,5120
blocks.25.norm3.weight,5120
blocks.25.self_attn.k.bias,5120
blocks.25.self_attn.k.weight,5120,5120
blocks.25.self_attn.norm_k.weight,5120
blocks.25.self_attn.norm_q.weight,5120
blocks.25.self_attn.o.bias,5120
blocks.25.self_attn.o.weight,5120,5120
blocks.25.self_attn.q.bias,5120
blocks.25.self_attn.q.weight,5120,5120
blocks.25.self_attn.v.bias,5120
blocks.25.self_attn.v.weight,5120,5120
blocks.26.cross_attn.k.bias,5120
blocks.26.cross_attn.k.weight,5120,5120
blocks.26.cross_attn.norm_k.weight,5120
blocks.26.cross_attn.norm_q.weight,5120
blocks.26.cross_attn.o.bias,5120
blocks.26.cross_attn.o.weight,5120,5120
blocks.26.cross_attn.q.bias,5120
blocks.26.cross_attn.q.weight,5120,5120
blocks.26.cross_attn.v.bias,5120
blocks.26.cross_attn.v.weight,5120,5120
blocks.26.ffn.0.bias,13824
blocks.26.ffn.0.weight,13824,5120
blocks.26.ffn.2.bias,5120
blocks.26.ffn.2.weight,5120,13824
blocks.26.modulation,1,6,5120
blocks.26.norm3.bias,5120
blocks.26.norm3.weight,5120
blocks.26.self_attn.k.bias,5120
blocks.26.self_attn.k.weight,5120,5120
blocks.26.self_attn.norm_k.weight,5120
blocks.26.self_attn.norm_q.weight,5120
blocks.26.self_attn.o.bias,5120
blocks.26.self_attn.o.weight,5120,5120
blocks.26.self_attn.q.bias,5120
blocks.26.self_attn.q.weight,5120,5120
blocks.26.self_attn.v.bias,5120
blocks.26.self_attn.v.weight,5120,5120
blocks.27.cross_attn.k.bias,5120
blocks.27.cross_attn.k.weight,5120,5120
blocks.27.cross_attn.norm_k.weight,5120
blocks.27.cross_attn.norm_q.weight,5120
blocks.27.cross_attn.o.bias,5120
blocks.27.cross_attn.o.weight,5120,5120
blocks.27.cross_attn.q.bias,5120
blocks.27.cross_attn.q.weight,5120,5120
blocks.27.cross_attn.v.bias,5120
blocks.27.cross_attn.v.weight,5120,5120
blocks.27.ffn.0.bias,13824
blocks.27.ffn.0.weight,13824,5120
blocks.27.ffn.2.bias,5120
blocks.27.ffn.2.weight,5120,13824
blocks.27.modulation,1,6,5120
blocks.27.norm3.bias,5120
blocks.27.norm3.weight,5120
blocks.27.self_attn.k.bias,5120
blocks.27.self_attn.k.weight,5120,5120
blocks.27.self_attn.norm_k.weight,5120
blocks.27.self_attn.norm_q.weight,5120
blocks.27.self_attn.o.bias,5120
blocks.27.self_attn.o.weight,5120,5120
blocks.27.self_attn.q.bias,5120
blocks.27.self_attn.q.weight,5120,5120
blocks.27.self_attn.v.bias,5120
blocks.27.self_attn.v.weight,5120,5120
blocks.28.cross_attn.k.bias,5120
blocks.28.cross_attn.k.weight,5120,5120
blocks.28.cross_attn.norm_k.weight,5120
blocks.28.cross_attn.norm_q.weight,5120
blocks.28.cross_attn.o.bias,5120
blocks.28.cross_attn.o.weight,5120,5120
blocks.28.cross_attn.q.bias,5120
blocks.28.cross_attn.q.weight,5120,5120
blocks.28.cross_attn.v.bias,5120
blocks.28.cross_attn.v.weight,5120,5120
blocks.28.ffn.0.bias,13824
blocks.28.ffn.0.weight,13824,5120
blocks.28.ffn.2.bias,5120
blocks.28.ffn.2.weight,5120,13824
blocks.28.modulation,1,6,5120
blocks.28.norm3.bias,5120
blocks.28.norm3.weight,5120
blocks.28.self_attn.k.bias,5120
blocks.28.self_attn.k.weight,5120,5120
blocks.28.self_attn.norm_k.weight,5120
blocks.28.self_attn.norm_q.weight,5120
blocks.28.self_attn.o.bias,5120
blocks.28.self_attn.o.weight,5120,5120
blocks.28.self_attn.q.bias,5120
blocks.28.self_attn.q.weight,5120,5120
blocks.28.self_attn.v.bias,5120
blocks.28.self_attn.v.weight,5120,5120
blocks.29.cross_attn.k.bias,5120
blocks.29.cross_attn.k.weight,5120,5120
blocks.29.cross_attn.norm_k.weight,5120
blocks.29.cross_attn.norm_q.weight,5120
blocks.29.cross_attn.o.bias,5120
blocks.29.cross_attn.o.weight,5120,5120
blocks.29.cross_attn.q.bias,5120
blocks.29.cross_attn.q.weight,5120,5120
blocks.29.cross_attn.v.bias,5120
blocks.29.cross_attn.v.weight,5120,5120
blocks.29.ffn.0.bias,13824
blocks.29.ffn.0.weight,13824,5120
blocks.29.ffn.2.bias,5120
blocks.29.ffn.2.weight,5120,13824
blocks.29.modulation,1,6,5120
blocks.29.norm3.bias,5120
blocks.29.norm3.weight,5120
blocks.29.self_attn.k.bias,5120
blocks.29.self_attn.k.weight,5120,5120
blocks.29.self_attn.norm_k.weight,5120
blocks.29.self_attn.norm_q.weight,5120
blocks.29.self_attn.o.bias,5120
blocks.29.self_attn.o.weight,5120,5120
blocks.29.self_attn.q.bias,5120
blocks.29.self_attn.q.weight,5120,5120
blocks.29.self_attn.v.bias,5120
blocks.29.self_attn.v.weight,5120,5120
blocks.3.cross_attn.k.bias,5120
blocks.3.cross_attn.k.weight,5120,5120
blocks.3.cross_attn.norm_k.weight,5120
blocks.3.cross_attn.norm_q.weight,5120
blocks.3.cross_attn.o.bias,5120
blocks.3.cross_attn.o.weight,5120,5120
blocks.3.cross_attn.q.bias,5120
blocks.3.cross_attn.q.weight,5120,5120
blocks.3.cross_attn.v.bias,5120
blocks.3.cross_attn.v.weight,5120,5120
blocks.3.ffn.0.bias,13824
blocks.3.ffn.0.weight,13824,5120
blocks.3.ffn.2.bias,5120
blocks.3.ffn.2.weight,5120,13824
blocks.3.modulation,1,6,5120
blocks.3.norm3.bias,5120
blocks.3.norm3.weight,5120
blocks.3.self_attn.k.bias,5120
blocks.3.self_attn.k.weight,5120,5120
blocks.3.self_attn.norm_k.weight,5120
blocks.3.self_attn.norm_q.weight,5120
blocks.3.self_attn.o.bias,5120
blocks.3.self_attn.o.weight,5120,5120
blocks.3.self_attn.q.bias,5120
blocks.3.self_attn.q.weight,5120,5120
blocks.3.self_attn.v.bias,5120
blocks.3.self_attn.v.weight,5120,5120
blocks.30.cross_attn.k.bias,5120
blocks.30.cross_attn.k.weight,5120,5120
blocks.30.cross_attn.norm_k.weight,5120
blocks.30.cross_attn.norm_q.weight,5120
blocks.30.cross_attn.o.bias,5120
blocks.30.cross_attn.o.weight,5120,5120
blocks.30.cross_attn.q.bias,5120
blocks.30.cross_attn.q.weight,5120,5120
blocks.30.cross_attn.v.bias,5120
blocks.30.cross_attn.v.weight,5120,5120
blocks.30.ffn.0.bias,13824
blocks.30.ffn.0.weight,13824,5120
blocks.30.ffn.2.bias,5120
blocks.30.ffn.2.weight,5120,13824
blocks.30.modulation,1,6,5120
blocks.30.norm3.bias,5120
blocks.30.norm3.weight,5120
blocks.30.self_attn.k.bias,5120
blocks.30.self_attn.k.weight,5120,5120
blocks.30.self_attn.norm_k.weight,5120
blocks.30.self_attn.norm_q.weight,5120
blocks.30.self_attn.o.bias,5120
blocks.30.self_attn.o.weight,5120,5120
blocks.30.self_attn.q.bias,5120
blocks.30.self_attn.q.weight,5120,5120
blocks.30.self_attn.v.bias,5120
blocks.30.self_attn.v.weight,5120,5120
blocks.31.cross_attn.k.bias,5120
blocks.31.cross_attn.k.weight,5120,5120
blocks.31.cross_attn.norm_k.weight,5120
blocks.31.cross_attn.norm_q.weight,5120
blocks.31.cross_attn.o.bias,5120
blocks.31.cross_attn.o.weight,5120,5120
blocks.31.cross_attn.q.bias,5120
blocks.31.cross_attn.q.weight,5120,5120
blocks.31.cross_attn.v.bias,5120
blocks.31.cross_attn.v.weight,5120,5120
blocks.31.ffn.0.bias,13824
blocks.31.ffn.0.weight,13824,5120
blocks.31.ffn.2.bias,5120
blocks.31.ffn.2.weight,5120,13824
blocks.31.modulation,1,6,5120
blocks.31.norm3.bias,5120
blocks.31.norm3.weight,5120
blocks.31.self_attn.k.bias,5120
blocks.31.self_attn.k.weight,5120,5120
blocks.31.self_attn.norm_k.weight,5120
blocks.31.self_attn.norm_q.weight,5120
blocks.31.self_attn.o.bias,5120
blocks.31.self_attn.o.weight,5120,5120
blocks.31.self_attn.q.bias,5120
blocks.31.self_attn.q.weight,5120,5120
blocks.31.self_attn.v.bias,5120
blocks.31.self_attn.v.weight,5120,5120
blocks.32.cross_attn.k.bias,5120
blocks.32.cross_attn.k.weight,5120,5120
blocks.32.cross_attn.norm_k.weight,5120
blocks.32.cross_attn.norm_q.weight,5120
blocks.32.cross_attn.o.bias,5120
blocks.32.cross_attn.o.weight,5120,5120
blocks.32.cross_attn.q.bias,5120
blocks.32.cross_attn.q.weight,5120,5120
blocks.32.cross_attn.v.bias,5120
blocks.32.cross_attn.v.weight,5120,5120
blocks.32.ffn.0.bias,13824
blocks.32.ffn.0.weight,13824,5120
blocks.32.ffn.2.bias,5120
blocks.32.ffn.2.weight,5120,13824
blocks.32.modulation,1,6,5120
blocks.32.norm3.bias,5120
blocks.32.norm3.weight,5120
blocks.32.self_attn.k.bias,5120
blocks.32.self_attn.k.weight,5120,5120
blocks.32.self_attn.norm_k.weight,5120
blocks.32.self_attn.norm_q.weight,5120
blocks.32.self_attn.o.bias,5120
blocks.32.self_attn.o.weight,5120,5120
blocks.32.self_attn.q.bias,5120
blocks.32.self_attn.q.weight,5120,5120
blocks.32.self_attn.v.bias,5120
blocks.32.self_attn.v.weight,5120,5120
blocks.33.cross_attn.k.bias,5120
blocks.33.cross_attn.k.weight,5120,5120
blocks.33.cross_attn.norm_k.weight,5120
blocks.33.cross_attn.norm_q.weight,5120
blocks.33.cross_attn.o.bias,5120
blocks.33.cross_attn.o.weight,5120,5120
blocks.33.cross_attn.q.bias,5120
blocks.33.cross_attn.q.weight,5120,5120
blocks.33.cross_attn.v.bias,5120
blocks.33.cross_attn.v.weight,5120,5120
blocks.33.ffn.0.bias,13824
blocks.33.ffn.0.weight,13824,5120
blocks.33.ffn.2.bias,5120
blocks.33.ffn.2.weight,5120,13824
blocks.33.modulation,1,6,5120
blocks.33.norm3.bias,5120
blocks.33.norm3.weight,5120
blocks.33.self_attn.k.bias,5120
blocks.33.self_attn.k.weight,5120,5120
blocks.33.self_attn.norm_k.weight,5120
blocks.33.self_attn.norm_q.weight,5120
blocks.33.self_attn.o.bias,5120
blocks.33.self_attn.o.weight,5120,5120
blocks.33.self_attn.q.bias,5120
blocks.33.self_attn.q.weight,5120,5120
blocks.33.self_attn.v.bias,5120
blocks.33.self_attn.v.weight,5120,5120
blocks.34.cross_attn.k.bias,5120
blocks.34.cross_attn.k.weight,5120,5120
blocks.34.cross_attn.norm_k.weight,5120
blocks.34.cross_attn.norm_q.weight,5120
blocks.34.cross_attn.o.bias,5120
blocks.34.cross_attn.o.weight,5120,5120
blocks.34.cross_attn.q.bias,5120
blocks.34.cross_attn.q.weight,5120,5120
blocks.34.cross_attn.v.bias,5120
blocks.34.cross_attn.v.weight,5120,5120
blocks.34.ffn.0.bias,13824
blocks.34.ffn.0.weight,13824,5120
blocks.34.ffn.2.bias,5120
blocks.34.ffn.2.weight,5120,13824
blocks.34.modulation,1,6,5120
blocks.34.norm3.bias,5120
blocks.34.norm3.weight,5120
blocks.34.self_attn.k.bias,5120
blocks.34.self_attn.k.weight,5120,5120
blocks.34.self_attn.norm_k.weight,5120
blocks.34.self_attn.norm_q.weight,5120
blocks.34.self_attn.o.bias,5120
blocks.34.self_attn.o.weight,5120,5120
blocks.34.self_attn.q.bias,5120
blocks.34.self_attn.q.weight,5120,5120
blocks.34.self_attn.v.bias,5120
blocks.34.self_attn.v.weight,5120,5120
blocks.35.cross_attn.k.bias,5120
blocks.35.cross_attn.k.weight,5120,5120
blocks.35.cross_attn.norm_k.weight,5120
blocks.35.cross_attn.norm_q.weight,5120
blocks.35.cross_attn.o.bias,5120
blocks.35.cross_attn.o.weight,5120,5120
blocks.35.cross_attn.q.bias,5120
blocks.35.cross_attn.q.weight,5120,5120
blocks.35.cross_attn.v.bias,5120
blocks.35.cross_attn.v.weight,5120,5120
blocks.35.ffn.0.bias,13824
blocks.35.ffn.0.weight,13824,5120
blocks.35.ffn.2.bias,5120
blocks.35.ffn.2.weight,5120,13824
blocks.35.modulation,1,6,5120
blocks.35.norm3.bias,5120
blocks.35.norm3.weight,5120
blocks.35.self_attn.k.bias,5120
blocks.35.self_attn.k.weight,5120,5120
blocks.35.self_attn.norm_k.weight,5120
blocks.35.self_attn.norm_q.weight,5120
blocks.35.self_attn.o.bias,5120
blocks.35.self_attn.o.weight,5120,5120
blocks.35.self_attn.q.bias,5120
blocks.35.self_attn.q.weight,5120,5120
blocks.35.self_attn.v.bias,5120
blocks.35.self_attn.v.weight,5120,5120
blocks.36.cross_attn.k.bias,5120
blocks.36.cross_attn.k.weight,5120,5120
blocks.36.cross_attn.norm_k.weight,5120
blocks.36.cross_attn.norm_q.weight,5120
blocks.36.cross_attn.o.bias,5120
blocks.36.cross_attn.o.weight,5120,5120
blocks.36.cross_attn.q.bias,5120
blocks.36.cross_attn.q.weight,5120,5120
blocks.36.cross_attn.v.bias,5120
blocks.36.cross_attn.v.weight,5120,5120
blocks.36.ffn.0.bias,13824
blocks.36.ffn.0.weight,13824,5120
blocks.36.ffn.2.bias,5120
blocks.36.ffn.2.weight,5120,13824
blocks.36.modulation,1,6,5120
blocks.36.norm3.bias,5120
blocks.36.norm3.weight,5120
blocks.36.self_attn.k.bias,5120
blocks.36.self_attn.k.weight,5120,5120
blocks.36.self_attn.norm_k.weight,5120
blocks.36.self_attn.norm_q.weight,5120
blocks.36.self_attn.o.bias,5120
blocks.36.self_attn.o.weight,5120,5120
blocks.36.self_attn.q.bias,5120
blocks.36.self_attn.q.weight,5120,5120
blocks.36.self_attn.v.bias,5120
blocks.36.self_attn.v.weight,5120,5120
blocks.37.cross_attn.k.bias,5120
blocks.37.cross_attn.k.weight,5120,5120
blocks.37.cross_attn.norm_k.weight,5120
blocks.37.cross_attn.norm_q.weight,5120
blocks.37.cross_attn.o.bias,5120
blocks.37.cross_attn.o.weight,5120,5120
blocks.37.cross_attn.q.bias,5120
blocks.37.cross_attn.q.weight,5120,5120
blocks.37.cross_attn.v.bias,5120
blocks.37.cross_attn.v.weight,5120,5120
blocks.37.ffn.0.bias,13824
blocks.37.ffn.0.weight,13824,5120
blocks.37.ffn.2.bias,5120
blocks.37.ffn.2.weight,5120,13824
blocks.37.modulation,1,6,5120
blocks.37.norm3.bias,5120
blocks.37.norm3.weight,5120
blocks.37.self_attn.k.bias,5120
blocks.37.self_attn.k.weight,5120,5120
blocks.37.self_attn.norm_k.weight,5120
blocks.37.self_attn.norm_q.weight,5120
blocks.37.self_attn.o.bias,5120
blocks.37.self_attn.o.weight,5120,5120
blocks.37.self_attn.q.bias,5120
blocks.37.self_attn.q.weight,5120,5120
blocks.37.self_attn.v.bias,5120
blocks.37.self_attn.v.weight,5120,5120
blocks.38.cross_attn.k.bias,5120
blocks.38.cross_attn.k.weight,5120,5120
blocks.38.cross_attn.norm_k.weight,5120
blocks.38.cross_attn.norm_q.weight,5120
blocks.38.cross_attn.o.bias,5120
blocks.38.cross_attn.o.weight,5120,5120
blocks.38.cross_attn.q.bias,5120
blocks.38.cross_attn.q.weight,5120,5120
blocks.38.cross_attn.v.bias,5120
blocks.38.cross_attn.v.weight,5120,5120
blocks.38.ffn.0.bias,13824
blocks.38.ffn.0.weight,13824,5120
blocks.38.ffn.2.bias,5120
blocks.38.ffn.2.weight,5120,13824
blocks.38.modulation,1,6,5120
blocks.38.norm3.bias,5120
blocks.38.norm3.weight,5120
blocks.38.self_attn.k.bias,5120
blocks.38.self_attn.k.weight,5120,5120
blocks.38.self_attn.norm_k.weight,5120
blocks.38.self_attn.norm_q.weight,5120
blocks.38.self_attn.o.bias,5120
blocks.38.self_attn.o.weight,5120,5120
blocks.38.self_attn.q.bias,5120
blocks.38.self_attn.q.weight,5120,5120
blocks.38.self_attn.v.bias,5120
blocks.38.self_attn.v.weight,5120,5120
blocks.39.cross_attn.k.bias,5120
blocks.39.cross_attn.k.weight,5120,5120
blocks.39.cross_attn.norm_k.weight,5120
blocks.39.cross_attn.norm_q.weight,5120
blocks.39.cross_attn.o.bias,5120
blocks.39.cross_attn.o.weight,5120,5120
blocks.39.cross_attn.q.bias,5120
blocks.39.cross_attn.q.weight,5120,5120
blocks.39.cross_attn.v.bias,5120
blocks.39.cross_attn.v.weight,5120,5120
blocks.39.ffn.0.bias,13824
blocks.39.ffn.0.weight,13824,5120
blocks.39.ffn.2.bias,5120
blocks.39.ffn.2.weight,5120,13824
blocks.39.modulation,1,6,5120
blocks.39.norm3.bias,5120
blocks.39.norm3.weight,5120
blocks.39.self_attn.k.bias,5120
blocks.39.self_attn.k.weight,5120,5120
blocks.39.self_attn.norm_k.weight,5120
blocks.39.self_attn.norm_q.weight,5120
blocks.39.self_attn.o.bias,5120
blocks.39.self_attn.o.weight,5120,5120
blocks.39.self_attn.q.bias,5120
blocks.39.self_attn.q.weight,5120,5120
blocks.39.self_attn.v.bias,5120
blocks.39.self_attn.v.weight,5120,5120
blocks.4.cross_attn.k.bias,5120
blocks.4.cross_attn.k.weight,5120,5120
blocks.4.cross_attn.norm_k.weight,5120
blocks.4.cross_attn.norm_q.weight,5120
blocks.4.cross_attn.o.bias,5120
blocks.4.cross_attn.o.weight,5120,5120
blocks.4.cross_attn.q.bias,5120
blocks.4.cross_attn.q.weight,5120,5120
blocks.4.cross_attn.v.bias,5120
blocks.4.cross_attn.v.weight,5120,5120
blocks.4.ffn.0.bias,13824
blocks.4.ffn.0.weight,13824,5120
blocks.4.ffn.2.bias,5120
blocks.4.ffn.2.weight,5120,13824
blocks.4.modulation,1,6,5120
blocks.4.norm3.bias,5120
blocks.4.norm3.weight,5120
blocks.4.self_attn.k.bias,5120
blocks.4.self_attn.k.weight,5120,5120
blocks.4.self_attn.norm_k.weight,5120
blocks.4.self_attn.norm_q.weight,5120
blocks.4.self_attn.o.bias,5120
blocks.4.self_attn.o.weight,5120,5120
blocks.4.self_attn.q.bias,5120
blocks.4.self_attn.q.weight,5120,5120
blocks.4.self_attn.v.bias,5120
blocks.4.self_attn.v.weight,5120,5120
blocks.5.cross_attn.k.bias,5120
blocks.5.cross_attn.k.weight,5120,5120
blocks.5.cross_attn.norm_k.weight,5120
blocks.5.cross_attn.norm_q.weight,5120
blocks.5.cross_attn.o.bias,5120
blocks.5.cross_attn.o.weight,5120,5120
blocks.5.cross_attn.q.bias,5120
blocks.5.cross_attn.q.weight,5120,5120
blocks.5.cross_attn.v.bias,5120
blocks.5.cross_attn.v.weight,5120,5120
blocks.5.ffn.0.bias,13824
blocks.5.ffn.0.weight,13824,5120
blocks.5.ffn.2.bias,5120
blocks.5.ffn.2.weight,5120,13824
blocks.5.modulation,1,6,5120
blocks.5.norm3.bias,5120
blocks.5.norm3.weight,5120
blocks.5.self_attn.k.bias,5120
blocks.5.self_attn.k.weight,5120,5120
blocks.5.self_attn.norm_k.weight,5120
blocks.5.self_attn.norm_q.weight,5120
blocks.5.self_attn.o.bias,5120
blocks.5.self_attn.o.weight,5120,5120
blocks.5.self_attn.q.bias,5120
blocks.5.self_attn.q.weight,5120,5120
blocks.5.self_attn.v.bias,5120
blocks.5.self_attn.v.weight,5120,5120
blocks.6.cross_attn.k.bias,5120
blocks.6.cross_attn.k.weight,5120,5120
blocks.6.cross_attn.norm_k.weight,5120
blocks.6.cross_attn.norm_q.weight,5120
blocks.6.cross_attn.o.bias,5120
blocks.6.cross_attn.o.weight,5120,5120
blocks.6.cross_attn.q.bias,5120
blocks.6.cross_attn.q.weight,5120,5120
blocks.6.cross_attn.v.bias,5120
blocks.6.cross_attn.v.weight,5120,5120
blocks.6.ffn.0.bias,13824
blocks.6.ffn.0.weight,13824,5120
blocks.6.ffn.2.bias,5120
blocks.6.ffn.2.weight,5120,13824
blocks.6.modulation,1,6,5120
blocks.6.norm3.bias,5120
blocks.6.norm3.weight,5120
blocks.6.self_attn.k.bias,5120
blocks.6.self_attn.k.weight,5120,5120
blocks.6.self_attn.norm_k.weight,5120
blocks.6.self_attn.norm_q.weight,5120
blocks.6.self_attn.o.bias,5120
blocks.6.self_attn.o.weight,5120,5120
blocks.6.self_attn.q.bias,5120
blocks.6.self_attn.q.weight,5120,5120
blocks.6.self_attn.v.bias,5120
blocks.6.self_attn.v.weight,5120,5120
blocks.7.cross_attn.k.bias,5120
blocks.7.cross_attn.k.weight,5120,5120
blocks.7.cross_attn.norm_k.weight,5120
blocks.7.cross_attn.norm_q.weight,5120
blocks.7.cross_attn.o.bias,5120
blocks.7.cross_attn.o.weight,5120,5120
blocks.7.cross_attn.q.bias,5120
blocks.7.cross_attn.q.weight,5120,5120
blocks.7.cross_attn.v.bias,5120
blocks.7.cross_attn.v.weight,5120,5120
blocks.7.ffn.0.bias,13824
blocks.7.ffn.0.weight,13824,5120
blocks.7.ffn.2.bias,5120
blocks.7.ffn.2.weight,5120,13824
blocks.7.modulation,1,6,5120
blocks.7.norm3.bias,5120
blocks.7.norm3.weight,5120
blocks.7.self_attn.k.bias,5120
blocks.7.self_attn.k.weight,5120,5120
blocks.7.self_attn.norm_k.weight,5120
blocks.7.self_attn.norm_q.weight,5120
blocks.7.self_attn.o.bias,5120
blocks.7.self_attn.o.weight,5120,5120
blocks.7.self_attn.q.bias,5120
blocks.7.self_attn.q.weight,5120,5120
blocks.7.self_attn.v.bias,5120
blocks.7.self_attn.v.weight,5120,5120
blocks.8.cross_attn.k.bias,5120
blocks.8.cross_attn.k.weight,5120,5120
blocks.8.cross_attn.norm_k.weight,5120
blocks.8.cross_attn.norm_q.weight,5120
blocks.8.cross_attn.o.bias,5120
blocks.8.cross_attn.o.weight,5120,5120
blocks.8.cross_attn.q.bias,5120
blocks.8.cross_attn.q.weight,5120,5120
blocks.8.cross_attn.v.bias,5120
blocks.8.cross_attn.v.weight,5120,5120
blocks.8.ffn.0.bias,13824
blocks.8.ffn.0.weight,13824,5120
blocks.8.ffn.2.bias,5120
blocks.8.ffn.2.weight,5120,13824
blocks.8.modulation,1,6,5120
blocks.8.norm3.bias,5120
blocks.8.norm3.weight,5120
blocks.8.self_attn.k.bias,5120
blocks.8.self_attn.k.weight,5120,5120
blocks.8.self_attn.norm_k.weight,5120
blocks.8.self_attn.norm_q.weight,5120
blocks.8.self_attn.o.bias,5120
blocks.8.self_attn.o.weight,5120,5120
blocks.8.self_attn.q.bias,5120
blocks.8.self_attn.q.weight,5120,5120
blocks.8.self_attn.v.bias,5120
blocks.8.self_attn.v.weight,5120,5120
blocks.9.cross_attn.k.bias,5120
blocks.9.cross_attn.k.weight,5120,5120
blocks.9.cross_attn.norm_k.weight,5120
blocks.9.cross_attn.norm_q.weight,5120
blocks.9.cross_attn.o.bias,5120
blocks.9.cross_attn.o.weight,5120,5120
blocks.9.cross_attn.q.bias,5120
blocks.9.cross_attn.q.weight,5120,5120
blocks.9.cross_attn.v.bias,5120
blocks.9.cross_attn.v.weight,5120,5120
blocks.9.ffn.0.bias,13824
blocks.9.ffn.0.weight,13824,5120
blocks.9.ffn.2.bias,5120
blocks.9.ffn.2.weight,5120,13824
blocks.9.modulation,1,6,5120
blocks.9.norm3.bias,5120
blocks.9.norm3.weight,5120
blocks.9.self_attn.k.bias,5120
blocks.9.self_attn.k.weight,5120,5120
blocks.9.self_attn.norm_k.weight,5120
blocks.9.self_attn.norm_q.weight,5120
blocks.9.self_attn.o.bias,5120
blocks.9.self_attn.o.weight,5120,5120
blocks.9.self_attn.q.bias,5120
blocks.9.self_attn.q.weight,5120,5120
blocks.9.self_attn.v.bias,5120
blocks.9.self_attn.v.weight,5120,5120
casual_audio_encoder.encoder.conv1_global.conv.bias,1280
casual_audio_encoder.encoder.conv1_global.conv.weight,1280,1024,3
casual_audio_encoder.encoder.conv1_local.conv.bias,5120
casual_audio_encoder.encoder.conv1_local.conv.weight,5120,1024,3
casual_audio_encoder.encoder.conv2.conv.bias,2560
casual_audio_encoder.encoder.conv2.conv.weight,2560,1280,3
casual_audio_encoder.encoder.conv3.conv.bias,5120
casual_audio_encoder.encoder.conv3.conv.weight,5120,2560,3
casual_audio_encoder.encoder.final_linear.bias,5120
casual_audio_encoder.encoder.final_linear.weight,5120,5120
casual_audio_encoder.encoder.padding_tokens,1,1,1,5120
casual_audio_encoder.weights,1,25,1,1
cond_encoder.bias,5120
cond_encoder.weight,5120,16,1,2,2
frame_packer.proj.bias,5120
frame_packer.proj.weight,5120,16,1,2,2
frame_packer.proj_2x.bias,5120
frame_packer.proj_2x.weight,5120,16,2,4,4
frame_packer.proj_4x.bias,5120
frame_packer.proj_4x.weight,5120,16,4,8,8
head.head.bias,64
head.head.weight,64,5120
head.modulation,1,2,5120
patch_embedding.bias,5120
patch_embedding.weight,5120,16,1,2,2
text_embedding.0.bias,5120
text_embedding.0.weight,5120,4096
text_embedding.2.bias,5120
text_embedding.2.weight,5120,5120
time_embedding.0.bias,5120
time_embedding.0.weight,5120,256
time_embedding.2.bias,5120
time_embedding.2.weight,5120,5120
time_projection.1.bias,30720
time_projection.1.weight,30720,5120
trainable_cond_mask.weight,3,5120
wav2vec2-large-xlsr-53-english.lm_head.bias,33
wav2vec2-large-xlsr-53-english.lm_head.weight,33,1024
wav2vec2-large-xlsr-53-english.wav2vec2.encoder.layer_norm.bias,1024
wav2vec2-large-xlsr-53-english.wav2vec2.encoder.layer_norm.weight,1024
wav2vec2-large-xlsr-53-english.wav2vec2.encoder.layers.0.attention.k_proj.bias,1024
wav2vec2-large-xlsr-53-english.wav2vec2.encoder.layers.0.attention.k_proj.weight,1024,1024
wav2vec2-large-xlsr-53-english.wav2vec2.encoder.layers.0.attention.out_proj.bias,1024
wav2vec2-large-xlsr-53-english.wav2vec2.encoder.layers.0.attention.out_proj.weight,1024,1024
wav2vec2-large-xlsr-53-english.wav2vec2.encoder.layers.0.attention.q_proj.bias,1024
wav2vec2-large-xlsr-53-english.wav2vec2.encoder.layers.0.attention.q_proj.weight,1024,1024
wav2vec2-large-xlsr-53-english.wav2vec2.encoder.layers.0.attention.v_proj.bias,1024
wav2vec2-large-xlsr-53-english.wav2vec2.encoder.layers.0.attention.v_proj.weight,1024,1024
wav2vec2-large-xlsr-53-english.wav2vec2.encoder.layers.0.feed_forward.intermediate_dense.bias,4096
wav2vec2-large-xlsr-53-english.wav2vec2.encoder.layers.0.feed_forward.intermediate_dense.weight,4096,1024
wav2vec2-large-xlsr-53-english.wav2vec2.encoder.layers.0.feed_forward.output_dense.bias,1024
wav2vec2-large-xlsr-53-english.wav2vec2.encoder.layers.0.feed_forward.output_dense.weight,1024,4096
wav2vec2-large-xlsr-53-english.wav2vec2.encoder.layers.0.final_layer_norm.bias,1024
wav2vec2-large-xlsr-53-english.wav2vec2.encoder.layers.0.final_layer_norm.weight,1024
wav2vec2-large-xlsr-53-english.wav2vec2.encoder.layers.0.layer_norm.bias,1024
wav2vec2-large-xlsr-53-english.wav2vec2.encoder.layers.0.layer_norm.weight,1024
wav2vec2-large-xlsr-53-english.wav2vec2.encoder.layers.1.attention.k_proj.bias,1024
wav2vec2-large-xlsr-53-english.wav2vec2.encoder.layers.1.attention.k_proj.weight,1024,1024
wav2vec2-large-xlsr-53-english.wav2vec2.encoder.layers.1.attention.out_proj.bias,1024
wav2vec2-large-xlsr-53-english.wav2vec2.encoder.layers.1.attention.out_proj.weight,1024,1024
wav2vec2-large-xlsr-53-english.wav2vec2.encoder.layers.1.attention.q_proj.bias,1024
wav2vec2-large-xlsr-53-english.wav2vec2.encoder.layers.1.attention.q_proj.weight,1024,1024
wav2vec2-large-xlsr-53-english.wav2vec2.encoder.layers.1.attention.v_proj.bias,1024
wav2vec2-large-xlsr-53-english.wav2vec2.encoder.layers.1.attention.v_proj.weight,1024,1024
wav2vec2-large-xlsr-53-english.wav2vec2.encoder.layers.1.feed_forward.intermediate_dense.bias,4096
wav2vec2-large-xlsr-53-english.wav2vec2.encoder.layers.1.feed_forward.intermediate_dense.weight,4096,1024
wav2vec2-large-xlsr-53-english.wav2vec2.encoder.layers.1.feed_forward.output_dense.bias,1024
wav2vec2-large-xlsr-53-english.wav2vec2.encoder.layers.1.feed_forward.output_dense.weight,1024,4096
wav2vec2-large-xlsr-53-english.wav2vec2.encoder.layers.1.final_layer_norm.bias,1024
wav2vec2-large-xlsr-53-english.wav2vec2.encoder.layers.1.final_layer_norm.weight,1024
wav2vec2-large-xlsr-53-english.wav2vec2.encoder.layers.1.layer_norm.bias,1024
wav2vec2-large-xlsr-53-english.wav2vec2.encoder.layers.1.layer_norm.weight,1024
wav2vec2-large-xlsr-53-english.wav2vec2.encoder.layers.10.attention.k_proj.bias,1024
wav2vec2-large-xlsr-53-english.wav2vec2.encoder.layers.10.attention.k_proj.weight,1024,1024
wav2vec2-large-xlsr-53-english.wav2vec2.encoder.layers.10.attention.out_proj.bias,1024
wav2vec2-large-xlsr-53-english.wav2vec2.encoder.layers.10.attention.out_proj.weight,1024,1024
wav2vec2-large-xlsr-53-english.wav2vec2.encoder.layers.10.attention.q_proj.bias,1024
wav2vec2-large-xlsr-53-english.wav2vec2.encoder.layers.10.attention.q_proj.weight,1024,1024
wav2vec2-large-xlsr-53-english.wav2vec2.encoder.layers.10.attention.v_proj.bias,1024
wav2vec2-large-xlsr-53-english.wav2vec2.encoder.layers.10.attention.v_proj.weight,1024,1024
wav2vec2-large-xlsr-53-english.wav2vec2.encoder.layers.10.feed_forward.intermediate_dense.bias,4096
wav2vec2-large-xlsr-53-english.wav2vec2.encoder.layers.10.feed_forward.intermediate_dense.weight,4096,1024
wav2vec2-large-xlsr-53-english.wav2vec2.encoder.layers.10.feed_forward.output_dense.bias,1024
wav2vec2-large-xlsr-53-english.wav2vec2.encoder.layers.10.feed_forward.output_dense.weight,1024,4096
wav2vec2-large-xlsr-53-english.wav2vec2.encoder.layers.10.final_layer_norm.bias,1024
wav2vec2-large-xlsr-53-english.wav2vec2.encoder.layers.10.final_layer_norm.weight,1024
wav2vec2-large-xlsr-53-english.wav2vec2.encoder.layers.10.layer_norm.bias,1024
wav2vec2-large-xlsr-53-english.wav2vec2.encoder.layers.10.layer_norm.weight,1024
wav2vec2-large-xlsr-53-english.wav2vec2.encoder.layers.11.attention.k_proj.bias,1024
wav2vec2-large-xlsr-53-english.wav2vec2.encoder.layers.11.attention.k_proj.weight,1024,1024
wav2vec2-large-xlsr-53-english.wav2vec2.encoder.layers.11.attention.out_proj.bias,1024
wav2vec2-large-xlsr-53-english.wav2vec2.encoder.layers.11.attention.out_proj.weight,1024,1024
wav2vec2-large-xlsr-53-english.wav2vec2.encoder.layers.11.attention.q_proj.bias,1024
wav2vec2-large-xlsr-53-english.wav2vec2.encoder.layers.11.attention.q_proj.weight,1024,1024
wav2vec2-large-xlsr-53-english.wav2vec2.encoder.layers.11.attention.v_proj.bias,1024
wav2vec2-large-xlsr-53-english.wav2vec2.encoder.layers.11.attention.v_proj.weight,1024,1024
wav2vec2-large-xlsr-53-english.wav2vec2.encoder.layers.11.feed_forward.intermediate_dense.bias,4096
wav2vec2-large-xlsr-53-english.wav2vec2.encoder.layers.11.feed_forward.intermediate_dense.weight,4096,1024
wav2vec2-large-xlsr-53-english.wav2vec2.encoder.layers.11.feed_forward.output_dense.bias,1024
wav2vec2-large-xlsr-53-english.wav2vec2.encoder.layers.11.feed_forward.output_dense.weight,1024,4096
wav2vec2-large-xlsr-53-english.wav2vec2.encoder.layers.11.final_layer_norm.bias,1024
wav2vec2-large-xlsr-53-english.wav2vec2.encoder.layers.11.final_layer_norm.weight,1024
wav2vec2-large-xlsr-53-english.wav2vec2.encoder.layers.11.layer_norm.bias,1024
wav2vec2-large-xlsr-53-english.wav2vec2.encoder.layers.11.layer_norm.weight,1024
wav2vec2-large-xlsr-53-english.wav2vec2.encoder.layers.12.attention.k_proj.bias,1024
wav2vec2-large-xlsr-53-english.wav2vec2.encoder.layers.12.attention.k_proj.weight,1024,1024
wav2vec2-large-xlsr-53-english.wav2vec2.encoder.layers.12.attention.out_proj.bias,1024
wav2vec2-large-xlsr-53-english.wav2vec2.encoder.layers.12.attention.out_proj.weight,1024,1024
wav2vec2-large-xlsr-53-english.wav2vec2.encoder.layers.12.attention.q_proj.bias,1024
wav2vec2-large-xlsr-53-english.wav2vec2.encoder.layers.12.attention.q_proj.weight,1024,1024
wav2vec2-large-xlsr-53-english.wav2vec2.encoder.layers.12.attention.v_proj.bias,1024
wav2vec2-large-xlsr-53-english.wav2vec2.encoder.layers.12.attention.v_proj.weight,1024,1024
wav2vec2-large-xlsr-53-english.wav2vec2.encoder.layers.12.feed_forward.intermediate_dense.bias,4096
wav2vec2-large-xlsr-53-english.wav2vec2.encoder.layers.12.feed_forward.intermediate_dense.weight,4096,1024
wav2vec2-large-xlsr-53-english.wav2vec2.encoder.layers.12.feed_forward.output_dense.bias,1024
wav2vec2-large-xlsr-53-english.wav2vec2.encoder.layers.12.feed_forward.output_dense.weight,1024,4096
wav2vec2-large-xlsr-53-english.wav2vec2.encoder.layers.12.final_layer_norm.bias,1024
wav2vec2-large-xlsr-53-english.wav2vec2.encoder.layers.12.final_layer_norm.weight,1024
wav2vec2-large-xlsr-53-english.wav2vec2.encoder.layers.12.layer_norm.bias,1024
wav2vec2-large-xlsr-53-english.wav2vec2.encoder.layers.12.layer_norm.weight,1024
wav2vec2-large-xlsr-53-english.wav2vec2.encoder.layers.13.attention.k_proj.bias,1024
wav2vec2-large-xlsr-53-english.wav2vec2.encoder.layers.13.attention.k_proj.weight,1024,1024
wav2vec2-large-xlsr-53-english.wav2vec2.encoder.layers.13.attention.out_proj.bias,1024
wav2vec2-large-xlsr-53-english.wav2vec2.encoder.layers.13.attention.out_proj.weight,1024,1024
wav2vec2-large-xlsr-53-english.wav2vec2.encoder.layers.13.attention.q_proj.bias,1024
wav2vec2-large-xlsr-53-english.wav2vec2.encoder.layers.13.attention.q_proj.weight,1024,1024
wav2vec2-large-xlsr-53-english.wav2vec2.encoder.layers.13.attention.v_proj.bias,1024
wav2vec2-large-xlsr-53-english.wav2vec2.encoder.layers.13.attention.v_proj.weight,1024,1024
wav2vec2-large-xlsr-53-english.wav2vec2.encoder.layers.13.feed_forward.intermediate_dense.bias,4096
wav2vec2-large-xlsr-53-english.wav2vec2.encoder.layers.13.feed_forward.intermediate_dense.weight,4096,1024
wav2vec2-large-xlsr-53-english.wav2vec2.encoder.layers.13.feed_forward.output_dense.bias,1024
wav2vec2-large-xlsr-53-english.wav2vec2.encoder.layers.13.feed_forward.output_dense.weight,1024,4096
wav2vec2-large-xlsr-53-english.wav2vec2.encoder.layers.13.final_layer_norm.bias,1024
wav2vec2-large-xlsr-53-english.wav2vec2.encoder.layers.13.final_layer_norm.weight,1024
wav2vec2-large-xlsr-53-english.wav2vec2.encoder.layers.13.layer_norm.bias,1024
wav2vec2-large-xlsr-53-english.wav2vec2.encoder.layers.13.layer_norm.weight,1024
wav2vec2-large-xlsr-53-english.wav2vec2.encoder.layers.14.attention.k_proj.bias,1024
wav2vec2-large-xlsr-53-english.wav2vec2.encoder.layers.14.attention.k_proj.weight,1024,1024
wav2vec2-large-xlsr-53-english.wav2vec2.encoder.layers.14.attention.out_proj.bias,1024
wav2vec2-large-xlsr-53-english.wav2vec2.encoder.layers.14.attention.out_proj.weight,1024,1024
wav2vec2-large-xlsr-53-english.wav2vec2.encoder.layers.14.attention.q_proj.bias,1024
wav2vec2-large-xlsr-53-english.wav2vec2.encoder.layers.14.attention.q_proj.weight,1024,1024
wav2vec2-large-xlsr-53-english.wav2vec2.encoder.layers.14.attention.v_proj.bias,1024
wav2vec2-large-xlsr-53-english.wav2vec2.encoder.layers.14.attention.v_proj.weight,1024,1024
wav2vec2-large-xlsr-53-english.wav2vec2.encoder.layers.14.feed_forward.intermediate_dense.bias,4096
wav2vec2-large-xlsr-53-english.wav2vec2.encoder.layers.14.feed_forward.intermediate_dense.weight,4096,1024
wav2vec2-large-xlsr-53-english.wav2vec2.encoder.layers.14.feed_forward.output_dense.bias,1024
wav2vec2-large-xlsr-53-english.wav2vec2.encoder.layers.14.feed_forward.output_dense.weight,1024,4096
wav2vec2-large-xlsr-53-english.wav2vec2.encoder.layers.14.final_layer_norm.bias,1024
wav2vec2-large-xlsr-53-english.wav2vec2.encoder.layers.14.final_layer_norm.weight,1024
wav2vec2-large-xlsr-53-english.wav2vec2.encoder.layers.14.layer_norm.bias,1024
wav2vec2-large-xlsr-53-english.wav2vec2.encoder.layers.14.layer_norm.weight,1024
wav2vec2-large-xlsr-53-english.wav2vec2.encoder.layers.15.attention.k_proj.bias,1024
wav2vec2-large-xlsr-53-english.wav2vec2.encoder.layers.15.attention.k_proj.weight,1024,1024
wav2vec2-large-xlsr-53-english.wav2vec2.encoder.layers.15.attention.out_proj.bias,1024
wav2vec2-large-xlsr-53-english.wav2vec2.encoder.layers.15.attention.out_proj.weight,1024,1024
wav2vec2-large-xlsr-53-english.wav2vec2.encoder.layers.15.attention.q_proj.bias,1024
wav2vec2-large-xlsr-53-english.wav2vec2.encoder.layers.15.attention.q_proj.weight,1024,1024
wav2vec2-large-xlsr-53-english.wav2vec2.encoder.layers.15.attention.v_proj.bias,1024
wav2vec2-large-xlsr-53-english.wav2vec2.encoder.layers.15.attention.v_proj.weight,1024,1024
wav2vec2-large-xlsr-53-english.wav2vec2.encoder.layers.15.feed_forward.intermediate_dense.bias,4096
wav2vec2-large-xlsr-53-english.wav2vec2.encoder.layers.15.feed_forward.intermediate_dense.weight,4096,1024
wav2vec2-large-xlsr-53-english.wav2vec2.encoder.layers.15.feed_forward.output_dense.bias,1024
wav2vec2-large-xlsr-53-english.wav2vec2.encoder.layers.15.feed_forward.output_dense.weight,1024,4096
wav2vec2-large-xlsr-53-english.wav2vec2.encoder.layers.15.final_layer_norm.bias,1024
wav2vec2-large-xlsr-53-english.wav2vec2.encoder.layers.15.final_layer_norm.weight,1024
wav2vec2-large-xlsr-53-english.wav2vec2.encoder.layers.15.layer_norm.bias,1024
wav2vec2-large-xlsr-53-english.wav2vec2.encoder.layers.15.layer_norm.weight,1024
wav2vec2-large-xlsr-53-english.wav2vec2.encoder.layers.16.attention.k_proj.bias,1024
wav2vec2-large-xlsr-53-english.wav2vec2.encoder.layers.16.attention.k_proj.weight,1024,1024
wav2vec2-large-xlsr-53-english.wav2vec2.encoder.layers.16.attention.out_proj.bias,1024
wav2vec2-large-xlsr-53-english.wav2vec2.encoder.layers.16.attention.out_proj.weight,1024,1024
wav2vec2-large-xlsr-53-english.wav2vec2.encoder.layers.16.attention.q_proj.bias,1024
wav2vec2-large-xlsr-53-english.wav2vec2.encoder.layers.16.attention.q_proj.weight,1024,1024
wav2vec2-large-xlsr-53-english.wav2vec2.encoder.layers.16.attention.v_proj.bias,1024
wav2vec2-large-xlsr-53-english.wav2vec2.encoder.layers.16.attention.v_proj.weight,1024,1024
wav2vec2-large-xlsr-53-english.wav2vec2.encoder.layers.16.feed_forward.intermediate_dense.bias,4096
wav2vec2-large-xlsr-53-english.wav2vec2.encoder.layers.16.feed_forward.intermediate_dense.weight,4096,1024
wav2vec2-large-xlsr-53-english.wav2vec2.encoder.layers.16.feed_forward.output_dense.bias,1024
wav2vec2-large-xlsr-53-english.wav2vec2.encoder.layers.16.feed_forward.output_dense.weight,1024,4096
wav2vec2-large-xlsr-53-english.wav2vec2.encoder.layers.16.final_layer_norm.bias,1024
wav2vec2-large-xlsr-53-english.wav2vec2.encoder.layers.16.final_layer_norm.weight,1024
wav2vec2-large-xlsr-53-english.wav2vec2.encoder.layers.16.layer_norm.bias,1024
wav2vec2-large-xlsr-53-english.wav2vec2.encoder.layers.16.layer_norm.weight,1024
wav2vec2-large-xlsr-53-english.wav2vec2.encoder.layers.17.attention.k_proj.bias,1024
wav2vec2-large-xlsr-53-english.wav2vec2.encoder.layers.17.attention.k_proj.weight,1024,1024
wav2vec2-large-xlsr-53-english.wav2vec2.encoder.layers.17.attention.out_proj.bias,1024
wav2vec2-large-xlsr-53-english.wav2vec2.encoder.layers.17.attention.out_proj.weight,1024,1024
wav2vec2-large-xlsr-53-english.wav2vec2.encoder.layers.17.attention.q_proj.bias,1024
wav2vec2-large-xlsr-53-english.wav2vec2.encoder.layers.17.attention.q_proj.weight,1024,1024
wav2vec2-large-xlsr-53-english.wav2vec2.encoder.layers.17.attention.v_proj.bias,1024
wav2vec2-large-xlsr-53-english.wav2vec2.encoder.layers.17.attention.v_proj.weight,1024,1024
wav2vec2-large-xlsr-53-english.wav2vec2.encoder.layers.17.feed_forward.intermediate_dense.bias,4096
wav2vec2-large-xlsr-53-english.wav2vec2.encoder.layers.17.feed_forward.intermediate_dense.weight,4096,1024
wav2vec2-large-xlsr-53-english.wav2vec2.encoder.layers.17.feed_forward.output_dense.bias,1024
wav2vec2-large-xlsr-53-english.wav2vec2.encoder.layers.17.feed_forward.output_dense.weight,1024,4096
wav2vec2-large-xlsr-53-english.wav2vec2.encoder.layers.17.final_layer_norm.bias,1024
wav2vec2-large-xlsr-53-english.wav2vec2.encoder.layers.17.final_layer_norm.weight,1024
wav2vec2-large-xlsr-53-english.wav2vec2.encoder.layers.17.layer_norm.bias,1024
wav2vec2-large-xlsr-53-english.wav2vec2.encoder.layers.17.layer_norm.weight,1024
wav2vec2-large-xlsr-53-english.wav2vec2.encoder.layers.18.attention.k_proj.bias,1024
wav2vec2-large-xlsr-53-english.wav2vec2.encoder.layers.18.attention.k_proj.weight,1024,1024
wav2vec2-large-xlsr-53-english.wav2vec2.encoder.layers.18.attention.out_proj.bias,1024
wav2vec2-large-xlsr-53-english.wav2vec2.encoder.layers.18.attention.out_proj.weight,1024,1024
wav2vec2-large-xlsr-53-english.wav2vec2.encoder.layers.18.attention.q_proj.bias,1024
wav2vec2-large-xlsr-53-english.wav2vec2.encoder.layers.18.attention.q_proj.weight,1024,1024
wav2vec2-large-xlsr-53-english.wav2vec2.encoder.layers.18.attention.v_proj.bias,1024
wav2vec2-large-xlsr-53-english.wav2vec2.encoder.layers.18.attention.v_proj.weight,1024,1024
wav2vec2-large-xlsr-53-english.wav2vec2.encoder.layers.18.feed_forward.intermediate_dense.bias,4096
wav2vec2-large-xlsr-53-english.wav2vec2.encoder.layers.18.feed_forward.intermediate_dense.weight,4096,1024
wav2vec2-large-xlsr-53-english.wav2vec2.encoder.layers.18.feed_forward.output_dense.bias,1024
wav2vec2-large-xlsr-53-english.wav2vec2.encoder.layers.18.feed_forward.output_dense.weight,1024,4096
wav2vec2-large-xlsr-53-english.wav2vec2.encoder.layers.18.final_layer_norm.bias,1024
wav2vec2-large-xlsr-53-english.wav2vec2.encoder.layers.18.final_layer_norm.weight,1024
wav2vec2-large-xlsr-53-english.wav2vec2.encoder.layers.18.layer_norm.bias,1024
wav2vec2-large-xlsr-53-english.wav2vec2.encoder.layers.18.layer_norm.weight,1024
wav2vec2-large-xlsr-53-english.wav2vec2.encoder.layers.19.attention.k_proj.bias,1024
wav2vec2-large-xlsr-53-english.wav2vec2.encoder.layers.19.attention.k_proj.weight,1024,1024
wav2vec2-large-xlsr-53-english.wav2vec2.encoder.layers.19.attention.out_proj.bias,1024
wav2vec2-large-xlsr-53-english.wav2vec2.encoder.layers.19.attention.out_proj.weight,1024,1024
wav2vec2-large-xlsr-53-english.wav2vec2.encoder.layers.19.attention.q_proj.bias,1024
wav2vec2-large-xlsr-53-english.wav2vec2.encoder.layers.19.attention.q_proj.weight,1024,1024
wav2vec2-large-xlsr-53-english.wav2vec2.encoder.layers.19.attention.v_proj.bias,1024
wav2vec2-large-xlsr-53-english.wav2vec2.encoder.layers.19.attention.v_proj.weight,1024,1024
wav2vec2-large-xlsr-53-english.wav2vec2.encoder.layers.19.feed_forward.intermediate_dense.bias,4096
wav2vec2-large-xlsr-53-english.wav2vec2.encoder.layers.19.feed_forward.intermediate_dense.weight,4096,1024
wav2vec2-large-xlsr-53-english.wav2vec2.encoder.layers.19.feed_forward.output_dense.bias,1024
wav2vec2-large-xlsr-53-english.wav2vec2.encoder.layers.19.feed_forward.output_dense.weight,1024,4096
wav2vec2-large-xlsr-53-english.wav2vec2.encoder.layers.19.final_layer_norm.bias,1024
wav2vec2-large-xlsr-53-english.wav2vec2.encoder.layers.19.final_layer_norm.weight,1024
wav2vec2-large-xlsr-53-english.wav2vec2.encoder.layers.19.layer_norm.bias,1024
wav2vec2-large-xlsr-53-english.wav2vec2.encoder.layers.19.layer_norm.weight,1024
wav2vec2-large-xlsr-53-english.wav2vec2.encoder.layers.2.attention.k_proj.bias,1024
wav2vec2-large-xlsr-53-english.wav2vec2.encoder.layers.2.attention.k_proj.weight,1024,1024
wav2vec2-large-xlsr-53-english.wav2vec2.encoder.layers.2.attention.out_proj.bias,1024
wav2vec2-large-xlsr-53-english.wav2vec2.encoder.layers.2.attention.out_proj.weight,1024,1024
wav2vec2-large-xlsr-53-english.wav2vec2.encoder.layers.2.attention.q_proj.bias,1024
wav2vec2-large-xlsr-53-english.wav2vec2.encoder.layers.2.attention.q_proj.weight,1024,1024
wav2vec2-large-xlsr-53-english.wav2vec2.encoder.layers.2.attention.v_proj.bias,1024
wav2vec2-large-xlsr-53-english.wav2vec2.encoder.layers.2.attention.v_proj.weight,1024,1024
wav2vec2-large-xlsr-53-english.wav2vec2.encoder.layers.2.feed_forward.intermediate_dense.bias,4096
wav2vec2-large-xlsr-53-english.wav2vec2.encoder.layers.2.feed_forward.intermediate_dense.weight,4096,1024
wav2vec2-large-xlsr-53-english.wav2vec2.encoder.layers.2.feed_forward.output_dense.bias,1024
wav2vec2-large-xlsr-53-english.wav2vec2.encoder.layers.2.feed_forward.output_dense.weight,1024,4096
wav2vec2-large-xlsr-53-english.wav2vec2.encoder.layers.2.final_layer_norm.bias,1024
wav2vec2-large-xlsr-53-english.wav2vec2.encoder.layers.2.final_layer_norm.weight,1024
wav2vec2-large-xlsr-53-english.wav2vec2.encoder.layers.2.layer_norm.bias,1024
wav2vec2-large-xlsr-53-english.wav2vec2.encoder.layers.2.layer_norm.weight,1024
wav2vec2-large-xlsr-53-english.wav2vec2.encoder.layers.20.attention.k_proj.bias,1024
wav2vec2-large-xlsr-53-english.wav2vec2.encoder.layers.20.attention.k_proj.weight,1024,1024
wav2vec2-large-xlsr-53-english.wav2vec2.encoder.layers.20.attention.out_proj.bias,1024
wav2vec2-large-xlsr-53-english.wav2vec2.encoder.layers.20.attention.out_proj.weight,1024,1024
wav2vec2-large-xlsr-53-english.wav2vec2.encoder.layers.20.attention.q_proj.bias,1024
wav2vec2-large-xlsr-53-english.wav2vec2.encoder.layers.20.attention.q_proj.weight,1024,1024
wav2vec2-large-xlsr-53-english.wav2vec2.encoder.layers.20.attention.v_proj.bias,1024
wav2vec2-large-xlsr-53-english.wav2vec2.encoder.layers.20.attention.v_proj.weight,1024,1024
wav2vec2-large-xlsr-53-english.wav2vec2.encoder.layers.20.feed_forward.intermediate_dense.bias,4096
wav2vec2-large-xlsr-53-english.wav2vec2.encoder.layers.20.feed_forward.intermediate_dense.weight,4096,1024
wav2vec2-large-xlsr-53-english.wav2vec2.encoder.layers.20.feed_forward.output_dense.bias,1024
wav2vec2-large-xlsr-53-english.wav2vec2.encoder.layers.20.feed_forward.output_dense.weight,1024,4096
wav2vec2-large-xlsr-53-english.wav2vec2.encoder.layers.20.final_layer_norm.bias,1024
wav2vec2-large-xlsr-53-english.wav2vec2.encoder.layers.20.final_layer_norm.weight,1024
wav2vec2-large-xlsr-53-english.wav2vec2.encoder.layers.20.layer_norm.bias,1024
wav2vec2-large-xlsr-53-english.wav2vec2.encoder.layers.20.layer_norm.weight,1024
wav2vec2-large-xlsr-53-english.wav2vec2.encoder.layers.21.attention.k_proj.bias,1024
wav2vec2-large-xlsr-53-english.wav2vec2.encoder.layers.21.attention.k_proj.weight,1024,1024
wav2vec2-large-xlsr-53-english.wav2vec2.encoder.layers.21.attention.out_proj.bias,1024
wav2vec2-large-xlsr-53-english.wav2vec2.encoder.layers.21.attention.out_proj.weight,1024,1024
wav2vec2-large-xlsr-53-english.wav2vec2.encoder.layers.21.attention.q_proj.bias,1024
wav2vec2-large-xlsr-53-english.wav2vec2.encoder.layers.21.attention.q_proj.weight,1024,1024
wav2vec2-large-xlsr-53-english.wav2vec2.encoder.layers.21.attention.v_proj.bias,1024
wav2vec2-large-xlsr-53-english.wav2vec2.encoder.layers.21.attention.v_proj.weight,1024,1024
wav2vec2-large-xlsr-53-english.wav2vec2.encoder.layers.21.feed_forward.intermediate_dense.bias,4096
wav2vec2-large-xlsr-53-english.wav2vec2.encoder.layers.21.feed_forward.intermediate_dense.weight,4096,1024
wav2vec2-large-xlsr-53-english.wav2vec2.encoder.layers.21.feed_forward.output_dense.bias,1024
wav2vec2-large-xlsr-53-english.wav2vec2.encoder.layers.21.feed_forward.output_dense.weight,1024,4096
wav2vec2-large-xlsr-53-english.wav2vec2.encoder.layers.21.final_layer_norm.bias,1024
wav2vec2-large-xlsr-53-english.wav2vec2.encoder.layers.21.final_layer_norm.weight,1024
wav2vec2-large-xlsr-53-english.wav2vec2.encoder.layers.21.layer_norm.bias,1024
wav2vec2-large-xlsr-53-english.wav2vec2.encoder.layers.21.layer_norm.weight,1024
wav2vec2-large-xlsr-53-english.wav2vec2.encoder.layers.22.attention.k_proj.bias,1024
wav2vec2-large-xlsr-53-english.wav2vec2.encoder.layers.22.attention.k_proj.weight,1024,1024
wav2vec2-large-xlsr-53-english.wav2vec2.encoder.layers.22.attention.out_proj.bias,1024
wav2vec2-large-xlsr-53-english.wav2vec2.encoder.layers.22.attention.out_proj.weight,1024,1024
wav2vec2-large-xlsr-53-english.wav2vec2.encoder.layers.22.attention.q_proj.bias,1024
wav2vec2-large-xlsr-53-english.wav2vec2.encoder.layers.22.attention.q_proj.weight,1024,1024
wav2vec2-large-xlsr-53-english.wav2vec2.encoder.layers.22.attention.v_proj.bias,1024
wav2vec2-large-xlsr-53-english.wav2vec2.encoder.layers.22.attention.v_proj.weight,1024,1024
wav2vec2-large-xlsr-53-english.wav2vec2.encoder.layers.22.feed_forward.intermediate_dense.bias,4096
wav2vec2-large-xlsr-53-english.wav2vec2.encoder.layers.22.feed_forward.intermediate_dense.weight,4096,1024
wav2vec2-large-xlsr-53-english.wav2vec2.encoder.layers.22.feed_forward.output_dense.bias,1024
wav2vec2-large-xlsr-53-english.wav2vec2.encoder.layers.22.feed_forward.output_dense.weight,1024,4096
wav2vec2-large-xlsr-53-english.wav2vec2.encoder.layers.22.final_layer_norm.bias,1024
wav2vec2-large-xlsr-53-english.wav2vec2.encoder.layers.22.final_layer_norm.weight,1024
wav2vec2-large-xlsr-53-english.wav2vec2.encoder.layers.22.layer_norm.bias,1024
wav2vec2-large-xlsr-53-english.wav2vec2.encoder.layers.22.layer_norm.weight,1024
wav2vec2-large-xlsr-53-english.wav2vec2.encoder.layers.23.attention.k_proj.bias,1024
wav2vec2-large-xlsr-53-english.wav2vec2.encoder.layers.23.attention.k_proj.weight,1024,1024
wav2vec2-large-xlsr-53-english.wav2vec2.encoder.layers.23.attention.out_proj.bias,1024
wav2vec2-large-xlsr-53-english.wav2vec2.encoder.layers.23.attention.out_proj.weight,1024,1024
wav2vec2-large-xlsr-53-english.wav2vec2.encoder.layers.23.attention.q_proj.bias,1024
wav2vec2-large-xlsr-53-english.wav2vec2.encoder.layers.23.attention.q_proj.weight,1024,1024
wav2vec2-large-xlsr-53-english.wav2vec2.encoder.layers.23.attention.v_proj.bias,1024
wav2vec2-large-xlsr-53-english.wav2vec2.encoder.layers.23.attention.v_proj.weight,1024,1024
wav2vec2-large-xlsr-53-english.wav2vec2.encoder.layers.23.feed_forward.intermediate_dense.bias,4096
wav2vec2-large-xlsr-53-english.wav2vec2.encoder.layers.23.feed_forward.intermediate_dense.weight,4096,1024
wav2vec2-large-xlsr-53-english.wav2vec2.encoder.layers.23.feed_forward.output_dense.bias,1024
wav2vec2-large-xlsr-53-english.wav2vec2.encoder.layers.23.feed_forward.output_dense.weight,1024,4096
wav2vec2-large-xlsr-53-english.wav2vec2.encoder.layers.23.final_layer_norm.bias,1024
wav2vec2-large-xlsr-53-english.wav2vec2.encoder.layers.23.final_layer_norm.weight,1024
wav2vec2-large-xlsr-53-english.wav2vec2.encoder.layers.23.layer_norm.bias,1024
wav2vec2-large-xlsr-53-english.wav2vec2.encoder.layers.23.layer_norm.weight,1024
wav2vec2-large-xlsr-53-english.wav2vec2.encoder.layers.3.attention.k_proj.bias,1024
wav2vec2-large-xlsr-53-english.wav2vec2.encoder.layers.3.attention.k_proj.weight,1024,1024
wav2vec2-large-xlsr-53-english.wav2vec2.encoder.layers.3.attention.out_proj.bias,1024
wav2vec2-large-xlsr-53-english.wav2vec2.encoder.layers.3.attention.out_proj.weight,1024,1024
wav2vec2-large-xlsr-53-english.wav2vec2.encoder.layers.3.attention.q_proj.bias,1024
wav2vec2-large-xlsr-53-english.wav2vec2.encoder.layers.3.attention.q_proj.weight,1024,1024
wav2vec2-large-xlsr-53-english.wav2vec2.encoder.layers.3.attention.v_proj.bias,1024
wav2vec2-large-xlsr-53-english.wav2vec2.encoder.layers.3.attention.v_proj.weight,1024,1024
wav2vec2-large-xlsr-53-english.wav2vec2.encoder.layers.3.feed_forward.intermediate_dense.bias,4096
wav2vec2-large-xlsr-53-english.wav2vec2.encoder.layers.3.feed_forward.intermediate_dense.weight,4096,1024
wav2vec2-large-xlsr-53-english.wav2vec2.encoder.layers.3.feed_forward.output_dense.bias,1024
wav2vec2-large-xlsr-53-english.wav2vec2.encoder.layers.3.feed_forward.output_dense.weight,1024,4096
wav2vec2-large-xlsr-53-english.wav2vec2.encoder.layers.3.final_layer_norm.bias,1024
wav2vec2-large-xlsr-53-english.wav2vec2.encoder.layers.3.final_layer_norm.weight,1024
wav2vec2-large-xlsr-53-english.wav2vec2.encoder.layers.3.layer_norm.bias,1024
wav2vec2-large-xlsr-53-english.wav2vec2.encoder.layers.3.layer_norm.weight,1024
wav2vec2-large-xlsr-53-english.wav2vec2.encoder.layers.4.attention.k_proj.bias,1024
wav2vec2-large-xlsr-53-english.wav2vec2.encoder.layers.4.attention.k_proj.weight,1024,1024
wav2vec2-large-xlsr-53-english.wav2vec2.encoder.layers.4.attention.out_proj.bias,1024
wav2vec2-large-xlsr-53-english.wav2vec2.encoder.layers.4.attention.out_proj.weight,1024,1024
wav2vec2-large-xlsr-53-english.wav2vec2.encoder.layers.4.attention.q_proj.bias,1024
wav2vec2-large-xlsr-53-english.wav2vec2.encoder.layers.4.attention.q_proj.weight,1024,1024
wav2vec2-large-xlsr-53-english.wav2vec2.encoder.layers.4.attention.v_proj.bias,1024
wav2vec2-large-xlsr-53-english.wav2vec2.encoder.layers.4.attention.v_proj.weight,1024,1024
wav2vec2-large-xlsr-53-english.wav2vec2.encoder.layers.4.feed_forward.intermediate_dense.bias,4096
wav2vec2-large-xlsr-53-english.wav2vec2.encoder.layers.4.feed_forward.intermediate_dense.weight,4096,1024
wav2vec2-large-xlsr-53-english.wav2vec2.encoder.layers.4.feed_forward.output_dense.bias,1024
wav2vec2-large-xlsr-53-english.wav2vec2.encoder.layers.4.feed_forward.output_dense.weight,1024,4096
wav2vec2-large-xlsr-53-english.wav2vec2.encoder.layers.4.final_layer_norm.bias,1024
wav2vec2-large-xlsr-53-english.wav2vec2.encoder.layers.4.final_layer_norm.weight,1024
wav2vec2-large-xlsr-53-english.wav2vec2.encoder.layers.4.layer_norm.bias,1024
wav2vec2-large-xlsr-53-english.wav2vec2.encoder.layers.4.layer_norm.weight,1024
wav2vec2-large-xlsr-53-english.wav2vec2.encoder.layers.5.attention.k_proj.bias,1024
wav2vec2-large-xlsr-53-english.wav2vec2.encoder.layers.5.attention.k_proj.weight,1024,1024
wav2vec2-large-xlsr-53-english.wav2vec2.encoder.layers.5.attention.out_proj.bias,1024
wav2vec2-large-xlsr-53-english.wav2vec2.encoder.layers.5.attention.out_proj.weight,1024,1024
wav2vec2-large-xlsr-53-english.wav2vec2.encoder.layers.5.attention.q_proj.bias,1024
wav2vec2-large-xlsr-53-english.wav2vec2.encoder.layers.5.attention.q_proj.weight,1024,1024
wav2vec2-large-xlsr-53-english.wav2vec2.encoder.layers.5.attention.v_proj.bias,1024
wav2vec2-large-xlsr-53-english.wav2vec2.encoder.layers.5.attention.v_proj.weight,1024,1024
wav2vec2-large-xlsr-53-english.wav2vec2.encoder.layers.5.feed_forward.intermediate_dense.bias,4096
wav2vec2-large-xlsr-53-english.wav2vec2.encoder.layers.5.feed_forward.intermediate_dense.weight,4096,1024
wav2vec2-large-xlsr-53-english.wav2vec2.encoder.layers.5.feed_forward.output_dense.bias,1024
wav2vec2-large-xlsr-53-english.wav2vec2.encoder.layers.5.feed_forward.output_dense.weight,1024,4096
wav2vec2-large-xlsr-53-english.wav2vec2.encoder.layers.5.final_layer_norm.bias,1024
wav2vec2-large-xlsr-53-english.wav2vec2.encoder.layers.5.final_layer_norm.weight,1024
wav2vec2-large-xlsr-53-english.wav2vec2.encoder.layers.5.layer_norm.bias,1024
wav2vec2-large-xlsr-53-english.wav2vec2.encoder.layers.5.layer_norm.weight,1024
wav2vec2-large-xlsr-53-english.wav2vec2.encoder.layers.6.attention.k_proj.bias,1024
wav2vec2-large-xlsr-53-english.wav2vec2.encoder.layers.6.attention.k_proj.weight,1024,1024
wav2vec2-large-xlsr-53-english.wav2vec2.encoder.layers.6.attention.out_proj.bias,1024
wav2vec2-large-xlsr-53-english.wav2vec2.encoder.layers.6.attention.out_proj.weight,1024,1024
wav2vec2-large-xlsr-53-english.wav2vec2.encoder.layers.6.attention.q_proj.bias,1024
wav2vec2-large-xlsr-53-english.wav2vec2.encoder.layers.6.attention.q_proj.weight,1024,1024
wav2vec2-large-xlsr-53-english.wav2vec2.encoder.layers.6.attention.v_proj.bias,1024
wav2vec2-large-xlsr-53-english.wav2vec2.encoder.layers.6.attention.v_proj.weight,1024,1024
wav2vec2-large-xlsr-53-english.wav2vec2.encoder.layers.6.feed_forward.intermediate_dense.bias,4096
wav2vec2-large-xlsr-53-english.wav2vec2.encoder.layers.6.feed_forward.intermediate_dense.weight,4096,1024
wav2vec2-large-xlsr-53-english.wav2vec2.encoder.layers.6.feed_forward.output_dense.bias,1024
wav2vec2-large-xlsr-53-english.wav2vec2.encoder.layers.6.feed_forward.output_dense.weight,1024,4096
wav2vec2-large-xlsr-53-english.wav2vec2.encoder.layers.6.final_layer_norm.bias,1024
wav2vec2-large-xlsr-53-english.wav2vec2.encoder.layers.6.final_layer_norm.weight,1024
wav2vec2-large-xlsr-53-english.wav2vec2.encoder.layers.6.layer_norm.bias,1024
wav2vec2-large-xlsr-53-english.wav2vec2.encoder.layers.6.layer_norm.weight,1024
wav2vec2-large-xlsr-53-english.wav2vec2.encoder.layers.7.attention.k_proj.bias,1024
wav2vec2-large-xlsr-53-english.wav2vec2.encoder.layers.7.attention.k_proj.weight,1024,1024
wav2vec2-large-xlsr-53-english.wav2vec2.encoder.layers.7.attention.out_proj.bias,1024
wav2vec2-large-xlsr-53-english.wav2vec2.encoder.layers.7.attention.out_proj.weight,1024,1024
wav2vec2-large-xlsr-53-english.wav2vec2.encoder.layers.7.attention.q_proj.bias,1024
wav2vec2-large-xlsr-53-english.wav2vec2.encoder.layers.7.attention.q_proj.weight,1024,1024
wav2vec2-large-xlsr-53-english.wav2vec2.encoder.layers.7.attention.v_proj.bias,1024
wav2vec2-large-xlsr-53-english.wav2vec2.encoder.layers.7.attention.v_proj.weight,1024,1024
wav2vec2-large-xlsr-53-english.wav2vec2.encoder.layers.7.feed_forward.intermediate_dense.bias,4096
wav2vec2-large-xlsr-53-english.wav2vec2.encoder.layers.7.feed_forward.intermediate_dense.weight,4096,1024
wav2vec2-large-xlsr-53-english.wav2vec2.encoder.layers.7.feed_forward.output_dense.bias,1024
wav2vec2-large-xlsr-53-english.wav2vec2.encoder.layers.7.feed_forward.output_dense.weight,1024,4096
wav2vec2-large-xlsr-53-english.wav2vec2.encoder.layers.7.final_layer_norm.bias,1024
wav2vec2-large-xlsr-53-english.wav2vec2.encoder.layers.7.final_layer_norm.weight,1024
wav2vec2-large-xlsr-53-english.wav2vec2.encoder.layers.7.layer_norm.bias,1024
wav2vec2-large-xlsr-53-english.wav2vec2.encoder.layers.7.layer_norm.weight,1024
wav2vec2-large-xlsr-53-english.wav2vec2.encoder.layers.8.attention.k_proj.bias,1024
wav2vec2-large-xlsr-53-english.wav2vec2.encoder.layers.8.attention.k_proj.weight,1024,1024
wav2vec2-large-xlsr-53-english.wav2vec2.encoder.layers.8.attention.out_proj.bias,1024
wav2vec2-large-xlsr-53-english.wav2vec2.encoder.layers.8.attention.out_proj.weight,1024,1024
wav2vec2-large-xlsr-53-english.wav2vec2.encoder.layers.8.attention.q_proj.bias,1024
wav2vec2-large-xlsr-53-english.wav2vec2.encoder.layers.8.attention.q_proj.weight,1024,1024
wav2vec2-large-xlsr-53-english.wav2vec2.encoder.layers.8.attention.v_proj.bias,1024
wav2vec2-large-xlsr-53-english.wav2vec2.encoder.layers.8.attention.v_proj.weight,1024,1024
wav2vec2-large-xlsr-53-english.wav2vec2.encoder.layers.8.feed_forward.intermediate_dense.bias,4096
wav2vec2-large-xlsr-53-english.wav2vec2.encoder.layers.8.feed_forward.intermediate_dense.weight,4096,1024
wav2vec2-large-xlsr-53-english.wav2vec2.encoder.layers.8.feed_forward.output_dense.bias,1024
wav2vec2-large-xlsr-53-english.wav2vec2.encoder.layers.8.feed_forward.output_dense.weight,1024,4096
wav2vec2-large-xlsr-53-english.wav2vec2.encoder.layers.8.final_layer_norm.bias,1024
wav2vec2-large-xlsr-53-english.wav2vec2.encoder.layers.8.final_layer_norm.weight,1024
wav2vec2-large-xlsr-53-english.wav2vec2.encoder.layers.8.layer_norm.bias,1024
wav2vec2-large-xlsr-53-english.wav2vec2.encoder.layers.8.layer_norm.weight,1024
wav2vec2-large-xlsr-53-english.wav2vec2.encoder.layers.9.attention.k_proj.bias,1024
wav2vec2-large-xlsr-53-english.wav2vec2.encoder.layers.9.attention.k_proj.weight,1024,1024
wav2vec2-large-xlsr-53-english.wav2vec2.encoder.layers.9.attention.out_proj.bias,1024
wav2vec2-large-xlsr-53-english.wav2vec2.encoder.layers.9.attention.out_proj.weight,1024,1024
wav2vec2-large-xlsr-53-english.wav2vec2.encoder.layers.9.attention.q_proj.bias,1024
wav2vec2-large-xlsr-53-english.wav2vec2.encoder.layers.9.attention.q_proj.weight,1024,1024
wav2vec2-large-xlsr-53-english.wav2vec2.encoder.layers.9.attention.v_proj.bias,1024
wav2vec2-large-xlsr-53-english.wav2vec2.encoder.layers.9.attention.v_proj.weight,1024,1024
wav2vec2-large-xlsr-53-english.wav2vec2.encoder.layers.9.feed_forward.intermediate_dense.bias,4096
wav2vec2-large-xlsr-53-english.wav2vec2.encoder.layers.9.feed_forward.intermediate_dense.weight,4096,1024
wav2vec2-large-xlsr-53-english.wav2vec2.encoder.layers.9.feed_forward.output_dense.bias,1024
wav2vec2-large-xlsr-53-english.wav2vec2.encoder.layers.9.feed_forward.output_dense.weight,1024,4096
wav2vec2-large-xlsr-53-english.wav2vec2.encoder.layers.9.final_layer_norm.bias,1024
wav2vec2-large-xlsr-53-english.wav2vec2.encoder.layers.9.final_layer_norm.weight,1024
wav2vec2-large-xlsr-53-english.wav2vec2.encoder.layers.9.layer_norm.bias,1024
wav2vec2-large-xlsr-53-english.wav2vec2.encoder.layers.9.layer_norm.weight,1024
wav2vec2-large-xlsr-53-english.wav2vec2.encoder.pos_conv_embed.conv.bias,1024
wav2vec2-large-xlsr-53-english.wav2vec2.encoder.pos_conv_embed.conv.weight_g,1,1,128
wav2vec2-large-xlsr-53-english.wav2vec2.encoder.pos_conv_embed.conv.weight_v,1024,64,128
wav2vec2-large-xlsr-53-english.wav2vec2.feature_extractor.conv_layers.0.conv.bias,512
wav2vec2-large-xlsr-53-english.wav2vec2.feature_extractor.conv_layers.0.conv.weight,512,1,10
wav2vec2-large-xlsr-53-english.wav2vec2.feature_extractor.conv_layers.0.layer_norm.bias,512
wav2vec2-large-xlsr-53-english.wav2vec2.feature_extractor.conv_layers.0.layer_norm.weight,512
wav2vec2-large-xlsr-53-english.wav2vec2.feature_extractor.conv_layers.1.conv.bias,512
wav2vec2-large-xlsr-53-english.wav2vec2.feature_extractor.conv_layers.1.conv.weight,512,512,3
wav2vec2-large-xlsr-53-english.wav2vec2.feature_extractor.conv_layers.1.layer_norm.bias,512
wav2vec2-large-xlsr-53-english.wav2vec2.feature_extractor.conv_layers.1.layer_norm.weight,512
wav2vec2-large-xlsr-53-english.wav2vec2.feature_extractor.conv_layers.2.conv.bias,512
wav2vec2-large-xlsr-53-english.wav2vec2.feature_extractor.conv_layers.2.conv.weight,512,512,3
wav2vec2-large-xlsr-53-english.wav2vec2.feature_extractor.conv_layers.2.layer_norm.bias,512
wav2vec2-large-xlsr-53-english.wav2vec2.feature_extractor.conv_layers.2.layer_norm.weight,512
wav2vec2-large-xlsr-53-english.wav2vec2.feature_extractor.conv_layers.3.conv.bias,512
wav2vec2-large-xlsr-53-english.wav2vec2.feature_extractor.conv_layers.3.conv.weight,512,512,3
wav2vec2-large-xlsr-53-english.wav2vec2.feature_extractor.conv_layers.3.layer_norm.bias,512
wav2vec2-large-xlsr-53-english.wav2vec2.feature_extractor.conv_layers.3.layer_norm.weight,512
wav2vec2-large-xlsr-53-english.wav2vec2.feature_extractor.conv_layers.4.conv.bias,512
wav2vec2-large-xlsr-53-english.wav2vec2.feature_extractor.conv_layers.4.conv.weight,512,512,3
wav2vec2-large-xlsr-53-english.wav2vec2.feature_extractor.conv_layers.4.layer_norm.bias,512
wav2vec2-large-xlsr-53-english.wav2vec2.feature_extractor.conv_layers.4.layer_norm.weight,512
wav2vec2-large-xlsr-53-english.wav2vec2.feature_extractor.conv_layers.5.conv.bias,512
wav2vec2-large-xlsr-53-english.wav2vec2.feature_extractor.conv_layers.5.conv.weight,512,512,2
wav2vec2-large-xlsr-53-english.wav2vec2.feature_extractor.conv_layers.5.layer_norm.bias,512
wav2vec2-large-xlsr-53-english.wav2vec2.feature_extractor.conv_layers.5.layer_norm.weight,512
wav2vec2-large-xlsr-53-english.wav2vec2.feature_extractor.conv_layers.6.conv.bias,512
wav2vec2-large-xlsr-53-english.wav2vec2.feature_extractor.conv_layers.6.conv.weight,512,512,2
wav2vec2-large-xlsr-53-english.wav2vec2.feature_extractor.conv_layers.6.layer_norm.bias,512
wav2vec2-large-xlsr-53-english.wav2vec2.feature_extractor.conv_layers.6.layer_norm.weight,512
wav2vec2-large-xlsr-53-english.wav2vec2.feature_projection.layer_norm.bias,512
wav2vec2-large-xlsr-53-english.wav2vec2.feature_projection.layer_norm.weight,512
wav2vec2-large-xlsr-53-english.wav2vec2.feature_projection.projection.bias,1024
wav2vec2-large-xlsr-53-english.wav2vec2.feature_projection.projection.weight,1024,512
wav2vec2-large-xlsr-53-english.wav2vec2.masked_spec_embed,1024
