blocks.0.attn1.norm_k.weight,1536
blocks.0.attn1.norm_q.weight,1536
blocks.0.attn1.to_k.bias,1536
blocks.0.attn1.to_k.weight,1536,1536
blocks.0.attn1.to_out.0.bias,1536
blocks.0.attn1.to_out.0.weight,1536,1536
blocks.0.attn1.to_q.bias,1536
blocks.0.attn1.to_q.weight,1536,1536
blocks.0.attn1.to_v.bias,1536
blocks.0.attn1.to_v.weight,1536,1536
blocks.0.attn2.norm_k.weight,1536
blocks.0.attn2.norm_q.weight,1536
blocks.0.attn2.to_k.bias,1536
blocks.0.attn2.to_k.weight,1536,1536
blocks.0.attn2.to_out.0.bias,1536
blocks.0.attn2.to_out.0.weight,1536,1536
blocks.0.attn2.to_q.bias,1536
blocks.0.attn2.to_q.weight,1536,1536
blocks.0.attn2.to_v.bias,1536
blocks.0.attn2.to_v.weight,1536,1536
blocks.0.ffn.net.0.proj.bias,8960
blocks.0.ffn.net.0.proj.weight,8960,1536
blocks.0.ffn.net.2.bias,1536
blocks.0.ffn.net.2.weight,1536,8960
blocks.0.norm2.bias,1536
blocks.0.norm2.weight,1536
blocks.1.attn1.norm_k.weight,1536
blocks.1.attn1.norm_q.weight,1536
blocks.1.attn1.to_k.bias,1536
blocks.1.attn1.to_k.weight,1536,1536
blocks.1.attn1.to_out.0.bias,1536
blocks.1.attn1.to_out.0.weight,1536,1536
blocks.1.attn1.to_q.bias,1536
blocks.1.attn1.to_q.weight,1536,1536
blocks.1.attn1.to_v.bias,1536
blocks.1.attn1.to_v.weight,1536,1536
blocks.1.attn2.norm_k.weight,1536
blocks.1.attn2.norm_q.weight,1536
blocks.1.attn2.to_k.bias,1536
blocks.1.attn2.to_k.weight,1536,1536
blocks.1.attn2.to_out.0.bias,1536
blocks.1.attn2.to_out.0.weight,1536,1536
blocks.1.attn2.to_q.bias,1536
blocks.1.attn2.to_q.weight,1536,1536
blocks.1.attn2.to_v.bias,1536
blocks.1.attn2.to_v.weight,1536,1536
blocks.1.ffn.net.0.proj.bias,8960
blocks.1.ffn.net.0.proj.weight,8960,1536
blocks.1.ffn.net.2.bias,1536
blocks.1.ffn.net.2.weight,1536,8960
blocks.1.norm2.bias,1536
blocks.1.norm2.weight,1536
blocks.10.attn1.norm_k.weight,1536
blocks.10.attn1.norm_q.weight,1536
blocks.10.attn1.to_k.bias,1536
blocks.10.attn1.to_k.weight,1536,1536
blocks.10.attn1.to_out.0.bias,1536
blocks.10.attn1.to_out.0.weight,1536,1536
blocks.10.attn1.to_q.bias,1536
blocks.10.attn1.to_q.weight,1536,1536
blocks.10.attn1.to_v.bias,1536
blocks.10.attn1.to_v.weight,1536,1536
blocks.10.attn2.norm_k.weight,1536
blocks.10.attn2.norm_q.weight,1536
blocks.10.attn2.to_k.bias,1536
blocks.10.attn2.to_k.weight,1536,1536
blocks.10.attn2.to_out.0.bias,1536
blocks.10.attn2.to_out.0.weight,1536,1536
blocks.10.attn2.to_q.bias,1536
blocks.10.attn2.to_q.weight,1536,1536
blocks.10.attn2.to_v.bias,1536
blocks.10.attn2.to_v.weight,1536,1536
blocks.10.ffn.net.0.proj.bias,8960
blocks.10.ffn.net.0.proj.weight,8960,1536
blocks.10.ffn.net.2.bias,1536
blocks.10.ffn.net.2.weight,1536,8960
blocks.10.norm2.bias,1536
blocks.10.norm2.weight,1536
blocks.11.attn1.norm_k.weight,1536
blocks.11.attn1.norm_q.weight,1536
blocks.11.attn1.to_k.bias,1536
blocks.11.attn1.to_k.weight,1536,1536
blocks.11.attn1.to_out.0.bias,1536
blocks.11.attn1.to_out.0.weight,1536,1536
blocks.11.attn1.to_q.bias,1536
blocks.11.attn1.to_q.weight,1536,1536
blocks.11.attn1.to_v.bias,1536
blocks.11.attn1.to_v.weight,1536,1536
blocks.11.attn2.norm_k.weight,1536
blocks.11.attn2.norm_q.weight,1536
blocks.11.attn2.to_k.bias,1536
blocks.11.attn2.to_k.weight,1536,1536
blocks.11.attn2.to_out.0.bias,1536
blocks.11.attn2.to_out.0.weight,1536,1536
blocks.11.attn2.to_q.bias,1536
blocks.11.attn2.to_q.weight,1536,1536
blocks.11.attn2.to_v.bias,1536
blocks.11.attn2.to_v.weight,1536,1536
blocks.11.ffn.net.0.proj.bias,8960
blocks.11.ffn.net.0.proj.weight,8960,1536
blocks.11.ffn.net.2.bias,1536
blocks.11.ffn.net.2.weight,1536,8960
blocks.11.norm2.bias,1536
blocks.11.norm2.weight,1536
blocks.12.attn1.norm_k.weight,1536
blocks.12.attn1.norm_q.weight,1536
blocks.12.attn1.to_k.bias,1536
blocks.12.attn1.to_k.weight,1536,1536
blocks.12.attn1.to_out.0.bias,1536
blocks.12.attn1.to_out.0.weight,1536,1536
blocks.12.attn1.to_q.bias,1536
blocks.12.attn1.to_q.weight,1536,1536
blocks.12.attn1.to_v.bias,1536
blocks.12.attn1.to_v.weight,1536,1536
blocks.12.attn2.norm_k.weight,1536
blocks.12.attn2.norm_q.weight,1536
blocks.12.attn2.to_k.bias,1536
blocks.12.attn2.to_k.weight,1536,1536
blocks.12.attn2.to_out.0.bias,1536
blocks.12.attn2.to_out.0.weight,1536,1536
blocks.12.attn2.to_q.bias,1536
blocks.12.attn2.to_q.weight,1536,1536
blocks.12.attn2.to_v.bias,1536
blocks.12.attn2.to_v.weight,1536,1536
blocks.12.ffn.net.0.proj.bias,8960
blocks.12.ffn.net.0.proj.weight,8960,1536
blocks.12.ffn.net.2.bias,1536
blocks.12.ffn.net.2.weight,1536,8960
blocks.12.norm2.bias,1536
blocks.12.norm2.weight,1536
blocks.13.attn1.norm_k.weight,1536
blocks.13.attn1.norm_q.weight,1536
blocks.13.attn1.to_k.bias,1536
blocks.13.attn1.to_k.weight,1536,1536
blocks.13.attn1.to_out.0.bias,1536
blocks.13.attn1.to_out.0.weight,1536,1536
blocks.13.attn1.to_q.bias,1536
blocks.13.attn1.to_q.weight,1536,1536
blocks.13.attn1.to_v.bias,1536
blocks.13.attn1.to_v.weight,1536,1536
blocks.13.attn2.norm_k.weight,1536
blocks.13.attn2.norm_q.weight,1536
blocks.13.attn2.to_k.bias,1536
blocks.13.attn2.to_k.weight,1536,1536
blocks.13.attn2.to_out.0.bias,1536
blocks.13.attn2.to_out.0.weight,1536,1536
blocks.13.attn2.to_q.bias,1536
blocks.13.attn2.to_q.weight,1536,1536
blocks.13.attn2.to_v.bias,1536
blocks.13.attn2.to_v.weight,1536,1536
blocks.13.ffn.net.0.proj.bias,8960
blocks.13.ffn.net.0.proj.weight,8960,1536
blocks.13.ffn.net.2.bias,1536
blocks.13.ffn.net.2.weight,1536,8960
blocks.13.norm2.bias,1536
blocks.13.norm2.weight,1536
blocks.14.attn1.norm_k.weight,1536
blocks.14.attn1.norm_q.weight,1536
blocks.14.attn1.to_k.bias,1536
blocks.14.attn1.to_k.weight,1536,1536
blocks.14.attn1.to_out.0.bias,1536
blocks.14.attn1.to_out.0.weight,1536,1536
blocks.14.attn1.to_q.bias,1536
blocks.14.attn1.to_q.weight,1536,1536
blocks.14.attn1.to_v.bias,1536
blocks.14.attn1.to_v.weight,1536,1536
blocks.14.attn2.norm_k.weight,1536
blocks.14.attn2.norm_q.weight,1536
blocks.14.attn2.to_k.bias,1536
blocks.14.attn2.to_k.weight,1536,1536
blocks.14.attn2.to_out.0.bias,1536
blocks.14.attn2.to_out.0.weight,1536,1536
blocks.14.attn2.to_q.bias,1536
blocks.14.attn2.to_q.weight,1536,1536
blocks.14.attn2.to_v.bias,1536
blocks.14.attn2.to_v.weight,1536,1536
blocks.14.ffn.net.0.proj.bias,8960
blocks.14.ffn.net.0.proj.weight,8960,1536
blocks.14.ffn.net.2.bias,1536
blocks.14.ffn.net.2.weight,1536,8960
blocks.14.norm2.bias,1536
blocks.14.norm2.weight,1536
blocks.15.attn1.norm_k.weight,1536
blocks.15.attn1.norm_q.weight,1536
blocks.15.attn1.to_k.bias,1536
blocks.15.attn1.to_k.weight,1536,1536
blocks.15.attn1.to_out.0.bias,1536
blocks.15.attn1.to_out.0.weight,1536,1536
blocks.15.attn1.to_q.bias,1536
blocks.15.attn1.to_q.weight,1536,1536
blocks.15.attn1.to_v.bias,1536
blocks.15.attn1.to_v.weight,1536,1536
blocks.15.attn2.norm_k.weight,1536
blocks.15.attn2.norm_q.weight,1536
blocks.15.attn2.to_k.bias,1536
blocks.15.attn2.to_k.weight,1536,1536
blocks.15.attn2.to_out.0.bias,1536
blocks.15.attn2.to_out.0.weight,1536,1536
blocks.15.attn2.to_q.bias,1536
blocks.15.attn2.to_q.weight,1536,1536
blocks.15.attn2.to_v.bias,1536
blocks.15.attn2.to_v.weight,1536,1536
blocks.15.ffn.net.0.proj.bias,8960
blocks.15.ffn.net.0.proj.weight,8960,1536
blocks.15.ffn.net.2.bias,1536
blocks.15.ffn.net.2.weight,1536,8960
blocks.15.norm2.bias,1536
blocks.15.norm2.weight,1536
blocks.16.attn1.norm_k.weight,1536
blocks.16.attn1.norm_q.weight,1536
blocks.16.attn1.to_k.bias,1536
blocks.16.attn1.to_k.weight,1536,1536
blocks.16.attn1.to_out.0.bias,1536
blocks.16.attn1.to_out.0.weight,1536,1536
blocks.16.attn1.to_q.bias,1536
blocks.16.attn1.to_q.weight,1536,1536
blocks.16.attn1.to_v.bias,1536
blocks.16.attn1.to_v.weight,1536,1536
blocks.16.attn2.norm_k.weight,1536
blocks.16.attn2.norm_q.weight,1536
blocks.16.attn2.to_k.bias,1536
blocks.16.attn2.to_k.weight,1536,1536
blocks.16.attn2.to_out.0.bias,1536
blocks.16.attn2.to_out.0.weight,1536,1536
blocks.16.attn2.to_q.bias,1536
blocks.16.attn2.to_q.weight,1536,1536
blocks.16.attn2.to_v.bias,1536
blocks.16.attn2.to_v.weight,1536,1536
blocks.16.ffn.net.0.proj.bias,8960
blocks.16.ffn.net.0.proj.weight,8960,1536
blocks.16.ffn.net.2.bias,1536
blocks.16.ffn.net.2.weight,1536,8960
blocks.16.norm2.bias,1536
blocks.16.norm2.weight,1536
blocks.17.attn1.norm_k.weight,1536
blocks.17.attn1.norm_q.weight,1536
blocks.17.attn1.to_k.bias,1536
blocks.17.attn1.to_k.weight,1536,1536
blocks.17.attn1.to_out.0.bias,1536
blocks.17.attn1.to_out.0.weight,1536,1536
blocks.17.attn1.to_q.bias,1536
blocks.17.attn1.to_q.weight,1536,1536
blocks.17.attn1.to_v.bias,1536
blocks.17.attn1.to_v.weight,1536,1536
blocks.17.attn2.norm_k.weight,1536
blocks.17.attn2.norm_q.weight,1536
blocks.17.attn2.to_k.bias,1536
blocks.17.attn2.to_k.weight,1536,1536
blocks.17.attn2.to_out.0.bias,1536
blocks.17.attn2.to_out.0.weight,1536,1536
blocks.17.attn2.to_q.bias,1536
blocks.17.attn2.to_q.weight,1536,1536
blocks.17.attn2.to_v.bias,1536
blocks.17.attn2.to_v.weight,1536,1536
blocks.17.ffn.net.0.proj.bias,8960
blocks.17.ffn.net.0.proj.weight,8960,1536
blocks.17.ffn.net.2.bias,1536
blocks.17.ffn.net.2.weight,1536,8960
blocks.17.norm2.bias,1536
blocks.17.norm2.weight,1536
blocks.18.attn1.norm_k.weight,1536
blocks.18.attn1.norm_q.weight,1536
blocks.18.attn1.to_k.bias,1536
blocks.18.attn1.to_k.weight,1536,1536
blocks.18.attn1.to_out.0.bias,1536
blocks.18.attn1.to_out.0.weight,1536,1536
blocks.18.attn1.to_q.bias,1536
blocks.18.attn1.to_q.weight,1536,1536
blocks.18.attn1.to_v.bias,1536
blocks.18.attn1.to_v.weight,1536,1536
blocks.18.attn2.norm_k.weight,1536
blocks.18.attn2.norm_q.weight,1536
blocks.18.attn2.to_k.bias,1536
blocks.18.attn2.to_k.weight,1536,1536
blocks.18.attn2.to_out.0.bias,1536
blocks.18.attn2.to_out.0.weight,1536,1536
blocks.18.attn2.to_q.bias,1536
blocks.18.attn2.to_q.weight,1536,1536
blocks.18.attn2.to_v.bias,1536
blocks.18.attn2.to_v.weight,1536,1536
blocks.18.ffn.net.0.proj.bias,8960
blocks.18.ffn.net.0.proj.weight,8960,1536
blocks.18.ffn.net.2.bias,1536
blocks.18.ffn.net.2.weight,1536,8960
blocks.18.norm2.bias,1536
blocks.18.norm2.weight,1536
blocks.19.attn1.norm_k.weight,1536
blocks.19.attn1.norm_q.weight,1536
blocks.19.attn1.to_k.bias,1536
blocks.19.attn1.to_k.weight,1536,1536
blocks.19.attn1.to_out.0.bias,1536
blocks.19.attn1.to_out.0.weight,1536,1536
blocks.19.attn1.to_q.bias,1536
blocks.19.attn1.to_q.weight,1536,1536
blocks.19.attn1.to_v.bias,1536
blocks.19.attn1.to_v.weight,1536,1536
blocks.19.attn2.norm_k.weight,1536
blocks.19.attn2.norm_q.weight,1536
blocks.19.attn2.to_k.bias,1536
blocks.19.attn2.to_k.weight,1536,1536
blocks.19.attn2.to_out.0.bias,1536
blocks.19.attn2.to_out.0.weight,1536,1536
blocks.19.attn2.to_q.bias,1536
blocks.19.attn2.to_q.weight,1536,1536
blocks.19.attn2.to_v.bias,1536
blocks.19.attn2.to_v.weight,1536,1536
blocks.19.ffn.net.0.proj.bias,8960
blocks.19.ffn.net.0.proj.weight,8960,1536
blocks.19.ffn.net.2.bias,1536
blocks.19.ffn.net.2.weight,1536,8960
blocks.19.norm2.bias,1536
blocks.19.norm2.weight,1536
blocks.2.attn1.norm_k.weight,1536
blocks.2.attn1.norm_q.weight,1536
blocks.2.attn1.to_k.bias,1536
blocks.2.attn1.to_k.weight,1536,1536
blocks.2.attn1.to_out.0.bias,1536
blocks.2.attn1.to_out.0.weight,1536,1536
blocks.2.attn1.to_q.bias,1536
blocks.2.attn1.to_q.weight,1536,1536
blocks.2.attn1.to_v.bias,1536
blocks.2.attn1.to_v.weight,1536,1536
blocks.2.attn2.norm_k.weight,1536
blocks.2.attn2.norm_q.weight,1536
blocks.2.attn2.to_k.bias,1536
blocks.2.attn2.to_k.weight,1536,1536
blocks.2.attn2.to_out.0.bias,1536
blocks.2.attn2.to_out.0.weight,1536,1536
blocks.2.attn2.to_q.bias,1536
blocks.2.attn2.to_q.weight,1536,1536
blocks.2.attn2.to_v.bias,1536
blocks.2.attn2.to_v.weight,1536,1536
blocks.2.ffn.net.0.proj.bias,8960
blocks.2.ffn.net.0.proj.weight,8960,1536
blocks.2.ffn.net.2.bias,1536
blocks.2.ffn.net.2.weight,1536,8960
blocks.2.norm2.bias,1536
blocks.2.norm2.weight,1536
blocks.20.attn1.norm_k.weight,1536
blocks.20.attn1.norm_q.weight,1536
blocks.20.attn1.to_k.bias,1536
blocks.20.attn1.to_k.weight,1536,1536
blocks.20.attn1.to_out.0.bias,1536
blocks.20.attn1.to_out.0.weight,1536,1536
blocks.20.attn1.to_q.bias,1536
blocks.20.attn1.to_q.weight,1536,1536
blocks.20.attn1.to_v.bias,1536
blocks.20.attn1.to_v.weight,1536,1536
blocks.20.attn2.norm_k.weight,1536
blocks.20.attn2.norm_q.weight,1536
blocks.20.attn2.to_k.bias,1536
blocks.20.attn2.to_k.weight,1536,1536
blocks.20.attn2.to_out.0.bias,1536
blocks.20.attn2.to_out.0.weight,1536,1536
blocks.20.attn2.to_q.bias,1536
blocks.20.attn2.to_q.weight,1536,1536
blocks.20.attn2.to_v.bias,1536
blocks.20.attn2.to_v.weight,1536,1536
blocks.20.ffn.net.0.proj.bias,8960
blocks.20.ffn.net.0.proj.weight,8960,1536
blocks.20.ffn.net.2.bias,1536
blocks.20.ffn.net.2.weight,1536,8960
blocks.20.norm2.bias,1536
blocks.20.norm2.weight,1536
blocks.21.attn1.norm_k.weight,1536
blocks.21.attn1.norm_q.weight,1536
blocks.21.attn1.to_k.bias,1536
blocks.21.attn1.to_k.weight,1536,1536
blocks.21.attn1.to_out.0.bias,1536
blocks.21.attn1.to_out.0.weight,1536,1536
blocks.21.attn1.to_q.bias,1536
blocks.21.attn1.to_q.weight,1536,1536
blocks.21.attn1.to_v.bias,1536
blocks.21.attn1.to_v.weight,1536,1536
blocks.21.attn2.norm_k.weight,1536
blocks.21.attn2.norm_q.weight,1536
blocks.21.attn2.to_k.bias,1536
blocks.21.attn2.to_k.weight,1536,1536
blocks.21.attn2.to_out.0.bias,1536
blocks.21.attn2.to_out.0.weight,1536,1536
blocks.21.attn2.to_q.bias,1536
blocks.21.attn2.to_q.weight,1536,1536
blocks.21.attn2.to_v.bias,1536
blocks.21.attn2.to_v.weight,1536,1536
blocks.21.ffn.net.0.proj.bias,8960
blocks.21.ffn.net.0.proj.weight,8960,1536
blocks.21.ffn.net.2.bias,1536
blocks.21.ffn.net.2.weight,1536,8960
blocks.21.norm2.bias,1536
blocks.21.norm2.weight,1536
blocks.22.attn1.norm_k.weight,1536
blocks.22.attn1.norm_q.weight,1536
blocks.22.attn1.to_k.bias,1536
blocks.22.attn1.to_k.weight,1536,1536
blocks.22.attn1.to_out.0.bias,1536
blocks.22.attn1.to_out.0.weight,1536,1536
blocks.22.attn1.to_q.bias,1536
blocks.22.attn1.to_q.weight,1536,1536
blocks.22.attn1.to_v.bias,1536
blocks.22.attn1.to_v.weight,1536,1536
blocks.22.attn2.norm_k.weight,1536
blocks.22.attn2.norm_q.weight,1536
blocks.22.attn2.to_k.bias,1536
blocks.22.attn2.to_k.weight,1536,1536
blocks.22.attn2.to_out.0.bias,1536
blocks.22.attn2.to_out.0.weight,1536,1536
blocks.22.attn2.to_q.bias,1536
blocks.22.attn2.to_q.weight,1536,1536
blocks.22.attn2.to_v.bias,1536
blocks.22.attn2.to_v.weight,1536,1536
blocks.22.ffn.net.0.proj.bias,8960
blocks.22.ffn.net.0.proj.weight,8960,1536
blocks.22.ffn.net.2.bias,1536
blocks.22.ffn.net.2.weight,1536,8960
blocks.22.norm2.bias,1536
blocks.22.norm2.weight,1536
blocks.23.attn1.norm_k.weight,1536
blocks.23.attn1.norm_q.weight,1536
blocks.23.attn1.to_k.bias,1536
blocks.23.attn1.to_k.weight,1536,1536
blocks.23.attn1.to_out.0.bias,1536
blocks.23.attn1.to_out.0.weight,1536,1536
blocks.23.attn1.to_q.bias,1536
blocks.23.attn1.to_q.weight,1536,1536
blocks.23.attn1.to_v.bias,1536
blocks.23.attn1.to_v.weight,1536,1536
blocks.23.attn2.norm_k.weight,1536
blocks.23.attn2.norm_q.weight,1536
blocks.23.attn2.to_k.bias,1536
blocks.23.attn2.to_k.weight,1536,1536
blocks.23.attn2.to_out.0.bias,1536
blocks.23.attn2.to_out.0.weight,1536,1536
blocks.23.attn2.to_q.bias,1536
blocks.23.attn2.to_q.weight,1536,1536
blocks.23.attn2.to_v.bias,1536
blocks.23.attn2.to_v.weight,1536,1536
blocks.23.ffn.net.0.proj.bias,8960
blocks.23.ffn.net.0.proj.weight,8960,1536
blocks.23.ffn.net.2.bias,1536
blocks.23.ffn.net.2.weight,1536,8960
blocks.23.norm2.bias,1536
blocks.23.norm2.weight,1536
blocks.24.attn1.norm_k.weight,1536
blocks.24.attn1.norm_q.weight,1536
blocks.24.attn1.to_k.bias,1536
blocks.24.attn1.to_k.weight,1536,1536
blocks.24.attn1.to_out.0.bias,1536
blocks.24.attn1.to_out.0.weight,1536,1536
blocks.24.attn1.to_q.bias,1536
blocks.24.attn1.to_q.weight,1536,1536
blocks.24.attn1.to_v.bias,1536
blocks.24.attn1.to_v.weight,1536,1536
blocks.24.attn2.norm_k.weight,1536
blocks.24.attn2.norm_q.weight,1536
blocks.24.attn2.to_k.bias,1536
blocks.24.attn2.to_k.weight,1536,1536
blocks.24.attn2.to_out.0.bias,1536
blocks.24.attn2.to_out.0.weight,1536,1536
blocks.24.attn2.to_q.bias,1536
blocks.24.attn2.to_q.weight,1536,1536
blocks.24.attn2.to_v.bias,1536
blocks.24.attn2.to_v.weight,1536,1536
blocks.24.ffn.net.0.proj.bias,8960
blocks.24.ffn.net.0.proj.weight,8960,1536
blocks.24.ffn.net.2.bias,1536
blocks.24.ffn.net.2.weight,1536,8960
blocks.24.norm2.bias,1536
blocks.24.norm2.weight,1536
blocks.25.attn1.norm_k.weight,1536
blocks.25.attn1.norm_q.weight,1536
blocks.25.attn1.to_k.bias,1536
blocks.25.attn1.to_k.weight,1536,1536
blocks.25.attn1.to_out.0.bias,1536
blocks.25.attn1.to_out.0.weight,1536,1536
blocks.25.attn1.to_q.bias,1536
blocks.25.attn1.to_q.weight,1536,1536
blocks.25.attn1.to_v.bias,1536
blocks.25.attn1.to_v.weight,1536,1536
blocks.25.attn2.norm_k.weight,1536
blocks.25.attn2.norm_q.weight,1536
blocks.25.attn2.to_k.bias,1536
blocks.25.attn2.to_k.weight,1536,1536
blocks.25.attn2.to_out.0.bias,1536
blocks.25.attn2.to_out.0.weight,1536,1536
blocks.25.attn2.to_q.bias,1536
blocks.25.attn2.to_q.weight,1536,1536
blocks.25.attn2.to_v.bias,1536
blocks.25.attn2.to_v.weight,1536,1536
blocks.25.ffn.net.0.proj.bias,8960
blocks.25.ffn.net.0.proj.weight,8960,1536
blocks.25.ffn.net.2.bias,1536
blocks.25.ffn.net.2.weight,1536,8960
blocks.25.norm2.bias,1536
blocks.25.norm2.weight,1536
blocks.26.attn1.norm_k.weight,1536
blocks.26.attn1.norm_q.weight,1536
blocks.26.attn1.to_k.bias,1536
blocks.26.attn1.to_k.weight,1536,1536
blocks.26.attn1.to_out.0.bias,1536
blocks.26.attn1.to_out.0.weight,1536,1536
blocks.26.attn1.to_q.bias,1536
blocks.26.attn1.to_q.weight,1536,1536
blocks.26.attn1.to_v.bias,1536
blocks.26.attn1.to_v.weight,1536,1536
blocks.26.attn2.norm_k.weight,1536
blocks.26.attn2.norm_q.weight,1536
blocks.26.attn2.to_k.bias,1536
blocks.26.attn2.to_k.weight,1536,1536
blocks.26.attn2.to_out.0.bias,1536
blocks.26.attn2.to_out.0.weight,1536,1536
blocks.26.attn2.to_q.bias,1536
blocks.26.attn2.to_q.weight,1536,1536
blocks.26.attn2.to_v.bias,1536
blocks.26.attn2.to_v.weight,1536,1536
blocks.26.ffn.net.0.proj.bias,8960
blocks.26.ffn.net.0.proj.weight,8960,1536
blocks.26.ffn.net.2.bias,1536
blocks.26.ffn.net.2.weight,1536,8960
blocks.26.norm2.bias,1536
blocks.26.norm2.weight,1536
blocks.27.attn1.norm_k.weight,1536
blocks.27.attn1.norm_q.weight,1536
blocks.27.attn1.to_k.bias,1536
blocks.27.attn1.to_k.weight,1536,1536
blocks.27.attn1.to_out.0.bias,1536
blocks.27.attn1.to_out.0.weight,1536,1536
blocks.27.attn1.to_q.bias,1536
blocks.27.attn1.to_q.weight,1536,1536
blocks.27.attn1.to_v.bias,1536
blocks.27.attn1.to_v.weight,1536,1536
blocks.27.attn2.norm_k.weight,1536
blocks.27.attn2.norm_q.weight,1536
blocks.27.attn2.to_k.bias,1536
blocks.27.attn2.to_k.weight,1536,1536
blocks.27.attn2.to_out.0.bias,1536
blocks.27.attn2.to_out.0.weight,1536,1536
blocks.27.attn2.to_q.bias,1536
blocks.27.attn2.to_q.weight,1536,1536
blocks.27.attn2.to_v.bias,1536
blocks.27.attn2.to_v.weight,1536,1536
blocks.27.ffn.net.0.proj.bias,8960
blocks.27.ffn.net.0.proj.weight,8960,1536
blocks.27.ffn.net.2.bias,1536
blocks.27.ffn.net.2.weight,1536,8960
blocks.27.norm2.bias,1536
blocks.27.norm2.weight,1536
blocks.28.attn1.norm_k.weight,1536
blocks.28.attn1.norm_q.weight,1536
blocks.28.attn1.to_k.bias,1536
blocks.28.attn1.to_k.weight,1536,1536
blocks.28.attn1.to_out.0.bias,1536
blocks.28.attn1.to_out.0.weight,1536,1536
blocks.28.attn1.to_q.bias,1536
blocks.28.attn1.to_q.weight,1536,1536
blocks.28.attn1.to_v.bias,1536
blocks.28.attn1.to_v.weight,1536,1536
blocks.28.attn2.norm_k.weight,1536
blocks.28.attn2.norm_q.weight,1536
blocks.28.attn2.to_k.bias,1536
blocks.28.attn2.to_k.weight,1536,1536
blocks.28.attn2.to_out.0.bias,1536
blocks.28.attn2.to_out.0.weight,1536,1536
blocks.28.attn2.to_q.bias,1536
blocks.28.attn2.to_q.weight,1536,1536
blocks.28.attn2.to_v.bias,1536
blocks.28.attn2.to_v.weight,1536,1536
blocks.28.ffn.net.0.proj.bias,8960
blocks.28.ffn.net.0.proj.weight,8960,1536
blocks.28.ffn.net.2.bias,1536
blocks.28.ffn.net.2.weight,1536,8960
blocks.28.norm2.bias,1536
blocks.28.norm2.weight,1536
blocks.29.attn1.norm_k.weight,1536
blocks.29.attn1.norm_q.weight,1536
blocks.29.attn1.to_k.bias,1536
blocks.29.attn1.to_k.weight,1536,1536
blocks.29.attn1.to_out.0.bias,1536
blocks.29.attn1.to_out.0.weight,1536,1536
blocks.29.attn1.to_q.bias,1536
blocks.29.attn1.to_q.weight,1536,1536
blocks.29.attn1.to_v.bias,1536
blocks.29.attn1.to_v.weight,1536,1536
blocks.29.attn2.norm_k.weight,1536
blocks.29.attn2.norm_q.weight,1536
blocks.29.attn2.to_k.bias,1536
blocks.29.attn2.to_k.weight,1536,1536
blocks.29.attn2.to_out.0.bias,1536
blocks.29.attn2.to_out.0.weight,1536,1536
blocks.29.attn2.to_q.bias,1536
blocks.29.attn2.to_q.weight,1536,1536
blocks.29.attn2.to_v.bias,1536
blocks.29.attn2.to_v.weight,1536,1536
blocks.29.ffn.net.0.proj.bias,8960
blocks.29.ffn.net.0.proj.weight,8960,1536
blocks.29.ffn.net.2.bias,1536
blocks.29.ffn.net.2.weight,1536,8960
blocks.29.norm2.bias,1536
blocks.29.norm2.weight,1536
blocks.3.attn1.norm_k.weight,1536
blocks.3.attn1.norm_q.weight,1536
blocks.3.attn1.to_k.bias,1536
blocks.3.attn1.to_k.weight,1536,1536
blocks.3.attn1.to_out.0.bias,1536
blocks.3.attn1.to_out.0.weight,1536,1536
blocks.3.attn1.to_q.bias,1536
blocks.3.attn1.to_q.weight,1536,1536
blocks.3.attn1.to_v.bias,1536
blocks.3.attn1.to_v.weight,1536,1536
blocks.3.attn2.norm_k.weight,1536
blocks.3.attn2.norm_q.weight,1536
blocks.3.attn2.to_k.bias,1536
blocks.3.attn2.to_k.weight,1536,1536
blocks.3.attn2.to_out.0.bias,1536
blocks.3.attn2.to_out.0.weight,1536,1536
blocks.3.attn2.to_q.bias,1536
blocks.3.attn2.to_q.weight,1536,1536
blocks.3.attn2.to_v.bias,1536
blocks.3.attn2.to_v.weight,1536,1536
blocks.3.ffn.net.0.proj.bias,8960
blocks.3.ffn.net.0.proj.weight,8960,1536
blocks.3.ffn.net.2.bias,1536
blocks.3.ffn.net.2.weight,1536,8960
blocks.3.norm2.bias,1536
blocks.3.norm2.weight,1536
blocks.4.attn1.norm_k.weight,1536
blocks.4.attn1.norm_q.weight,1536
blocks.4.attn1.to_k.bias,1536
blocks.4.attn1.to_k.weight,1536,1536
blocks.4.attn1.to_out.0.bias,1536
blocks.4.attn1.to_out.0.weight,1536,1536
blocks.4.attn1.to_q.bias,1536
blocks.4.attn1.to_q.weight,1536,1536
blocks.4.attn1.to_v.bias,1536
blocks.4.attn1.to_v.weight,1536,1536
blocks.4.attn2.norm_k.weight,1536
blocks.4.attn2.norm_q.weight,1536
blocks.4.attn2.to_k.bias,1536
blocks.4.attn2.to_k.weight,1536,1536
blocks.4.attn2.to_out.0.bias,1536
blocks.4.attn2.to_out.0.weight,1536,1536
blocks.4.attn2.to_q.bias,1536
blocks.4.attn2.to_q.weight,1536,1536
blocks.4.attn2.to_v.bias,1536
blocks.4.attn2.to_v.weight,1536,1536
blocks.4.ffn.net.0.proj.bias,8960
blocks.4.ffn.net.0.proj.weight,8960,1536
blocks.4.ffn.net.2.bias,1536
blocks.4.ffn.net.2.weight,1536,8960
blocks.4.norm2.bias,1536
blocks.4.norm2.weight,1536
blocks.5.attn1.norm_k.weight,1536
blocks.5.attn1.norm_q.weight,1536
blocks.5.attn1.to_k.bias,1536
blocks.5.attn1.to_k.weight,1536,1536
blocks.5.attn1.to_out.0.bias,1536
blocks.5.attn1.to_out.0.weight,1536,1536
blocks.5.attn1.to_q.bias,1536
blocks.5.attn1.to_q.weight,1536,1536
blocks.5.attn1.to_v.bias,1536
blocks.5.attn1.to_v.weight,1536,1536
blocks.5.attn2.norm_k.weight,1536
blocks.5.attn2.norm_q.weight,1536
blocks.5.attn2.to_k.bias,1536
blocks.5.attn2.to_k.weight,1536,1536
blocks.5.attn2.to_out.0.bias,1536
blocks.5.attn2.to_out.0.weight,1536,1536
blocks.5.attn2.to_q.bias,1536
blocks.5.attn2.to_q.weight,1536,1536
blocks.5.attn2.to_v.bias,1536
blocks.5.attn2.to_v.weight,1536,1536
blocks.5.ffn.net.0.proj.bias,8960
blocks.5.ffn.net.0.proj.weight,8960,1536
blocks.5.ffn.net.2.bias,1536
blocks.5.ffn.net.2.weight,1536,8960
blocks.5.norm2.bias,1536
blocks.5.norm2.weight,1536
blocks.6.attn1.norm_k.weight,1536
blocks.6.attn1.norm_q.weight,1536
blocks.6.attn1.to_k.bias,1536
blocks.6.attn1.to_k.weight,1536,1536
blocks.6.attn1.to_out.0.bias,1536
blocks.6.attn1.to_out.0.weight,1536,1536
blocks.6.attn1.to_q.bias,1536
blocks.6.attn1.to_q.weight,1536,1536
blocks.6.attn1.to_v.bias,1536
blocks.6.attn1.to_v.weight,1536,1536
blocks.6.attn2.norm_k.weight,1536
blocks.6.attn2.norm_q.weight,1536
blocks.6.attn2.to_k.bias,1536
blocks.6.attn2.to_k.weight,1536,1536
blocks.6.attn2.to_out.0.bias,1536
blocks.6.attn2.to_out.0.weight,1536,1536
blocks.6.attn2.to_q.bias,1536
blocks.6.attn2.to_q.weight,1536,1536
blocks.6.attn2.to_v.bias,1536
blocks.6.attn2.to_v.weight,1536,1536
blocks.6.ffn.net.0.proj.bias,8960
blocks.6.ffn.net.0.proj.weight,8960,1536
blocks.6.ffn.net.2.bias,1536
blocks.6.ffn.net.2.weight,1536,8960
blocks.6.norm2.bias,1536
blocks.6.norm2.weight,1536
blocks.7.attn1.norm_k.weight,1536
blocks.7.attn1.norm_q.weight,1536
blocks.7.attn1.to_k.bias,1536
blocks.7.attn1.to_k.weight,1536,1536
blocks.7.attn1.to_out.0.bias,1536
blocks.7.attn1.to_out.0.weight,1536,1536
blocks.7.attn1.to_q.bias,1536
blocks.7.attn1.to_q.weight,1536,1536
blocks.7.attn1.to_v.bias,1536
blocks.7.attn1.to_v.weight,1536,1536
blocks.7.attn2.norm_k.weight,1536
blocks.7.attn2.norm_q.weight,1536
blocks.7.attn2.to_k.bias,1536
blocks.7.attn2.to_k.weight,1536,1536
blocks.7.attn2.to_out.0.bias,1536
blocks.7.attn2.to_out.0.weight,1536,1536
blocks.7.attn2.to_q.bias,1536
blocks.7.attn2.to_q.weight,1536,1536
blocks.7.attn2.to_v.bias,1536
blocks.7.attn2.to_v.weight,1536,1536
blocks.7.ffn.net.0.proj.bias,8960
blocks.7.ffn.net.0.proj.weight,8960,1536
blocks.7.ffn.net.2.bias,1536
blocks.7.ffn.net.2.weight,1536,8960
blocks.7.norm2.bias,1536
blocks.7.norm2.weight,1536
blocks.8.attn1.norm_k.weight,1536
blocks.8.attn1.norm_q.weight,1536
blocks.8.attn1.to_k.bias,1536
blocks.8.attn1.to_k.weight,1536,1536
blocks.8.attn1.to_out.0.bias,1536
blocks.8.attn1.to_out.0.weight,1536,1536
blocks.8.attn1.to_q.bias,1536
blocks.8.attn1.to_q.weight,1536,1536
blocks.8.attn1.to_v.bias,1536
blocks.8.attn1.to_v.weight,1536,1536
blocks.8.attn2.norm_k.weight,1536
blocks.8.attn2.norm_q.weight,1536
blocks.8.attn2.to_k.bias,1536
blocks.8.attn2.to_k.weight,1536,1536
blocks.8.attn2.to_out.0.bias,1536
blocks.8.attn2.to_out.0.weight,1536,1536
blocks.8.attn2.to_q.bias,1536
blocks.8.attn2.to_q.weight,1536,1536
blocks.8.attn2.to_v.bias,1536
blocks.8.attn2.to_v.weight,1536,1536
blocks.8.ffn.net.0.proj.bias,8960
blocks.8.ffn.net.0.proj.weight,8960,1536
blocks.8.ffn.net.2.bias,1536
blocks.8.ffn.net.2.weight,1536,8960
blocks.8.norm2.bias,1536
blocks.8.norm2.weight,1536
blocks.9.attn1.norm_k.weight,1536
blocks.9.attn1.norm_q.weight,1536
blocks.9.attn1.to_k.bias,1536
blocks.9.attn1.to_k.weight,1536,1536
blocks.9.attn1.to_out.0.bias,1536
blocks.9.attn1.to_out.0.weight,1536,1536
blocks.9.attn1.to_q.bias,1536
blocks.9.attn1.to_q.weight,1536,1536
blocks.9.attn1.to_v.bias,1536
blocks.9.attn1.to_v.weight,1536,1536
blocks.9.attn2.norm_k.weight,1536
blocks.9.attn2.norm_q.weight,1536
blocks.9.attn2.to_k.bias,1536
blocks.9.attn2.to_k.weight,1536,1536
blocks.9.attn2.to_out.0.bias,1536
blocks.9.attn2.to_out.0.weight,1536,1536
blocks.9.attn2.to_q.bias,1536
blocks.9.attn2.to_q.weight,1536,1536
blocks.9.attn2.to_v.bias,1536
blocks.9.attn2.to_v.weight,1536,1536
blocks.9.ffn.net.0.proj.bias,8960
blocks.9.ffn.net.0.proj.weight,8960,1536
blocks.9.ffn.net.2.bias,1536
blocks.9.ffn.net.2.weight,1536,8960
blocks.9.norm2.bias,1536
blocks.9.norm2.weight,1536
condition_embedder.text_embedder.linear_1.bias,1536
condition_embedder.text_embedder.linear_1.weight,1536,4096
condition_embedder.text_embedder.linear_2.bias,1536
condition_embedder.text_embedder.linear_2.weight,1536,1536
condition_embedder.time_embedder.linear_1.bias,1536
condition_embedder.time_embedder.linear_1.weight,1536,256
condition_embedder.time_embedder.linear_2.bias,1536
condition_embedder.time_embedder.linear_2.weight,1536,1536
condition_embedder.time_proj.bias,9216
condition_embedder.time_proj.weight,9216,1536
patch_embedding.bias,1536
patch_embedding.weight,1536,16,1,2,2
proj_out.bias,64
proj_out.weight,64,1536
